pose,name,binding energy,intermolecular (1),electrostatic,ligand fixed,ligand moving,total internal (2),torsional free (3),unbound systems (4)
"COMPND    
HETATM   17  N   UNK     0      31.843   3.236   7.598 -0.15  0.07           N  
HETATM   23  N   UNK     0      33.029   3.135  11.064 -0.19  0.17           N  
HETATM   27  N   UNK     0      32.458   4.034  15.214 -0.27 -0.88           N  
HETATM    1  C   UNK     0      31.796   2.844  11.823 -0.42 -0.11           C  
HETATM    2  C   UNK     0      31.772   1.411  12.276 -0.42 -0.04           C  
HETATM    3  C   UNK     0      30.363   0.838  12.153 -0.42  0.01           C  
HETATM    4  C   UNK     0      30.043   0.369  10.911 -0.40  0.00           C  
HETATM    5  C   UNK     0      28.766  -0.130  10.743 -0.41  0.00           C  
HETATM    6  C   UNK     0      27.862  -0.148  11.769 -0.36 -0.01           C  
HETATM    7  C   UNK     0      28.179   0.311  12.987 -0.37  0.00           C  
HETATM    8  C   UNK     0      29.477   0.816  13.180 -0.44  0.00           C  
HETATM   10  C   UNK     0      29.261  -0.335   8.327 -0.21  0.06           C  
HETATM   11  C   UNK     0      28.383  -0.773   7.121 -0.22  0.02           C  
HETATM   12  C   UNK     0      28.732  -0.061   5.864 -0.20  0.00           C  
HETATM   13  C   UNK     0      29.906   0.868   5.946 -0.19  0.00           C  
HETATM   14  C   UNK     0      29.681   2.051   6.848 -0.18 -0.01           C  
HETATM   15  C   UNK     0      30.779   3.013   6.662 -0.18 -0.03           C  
HETATM   18  C   UNK     0      33.250   3.317   7.126 -0.35 -0.02           C  
HETATM   19  C   UNK     0      31.628   3.393   9.010 -0.36 -0.05           C  
HETATM   20  C   UNK     0      30.486   4.326   9.312 -0.12 -0.01           C  
HETATM   21  C   UNK     0      32.836   3.750   9.750 -0.37 -0.11           C  
HETATM   24  C   UNK     0      31.605   3.832  12.908 -0.40 -0.20           C  
HETATM   26  C   UNK     0      32.791   3.955  13.759 -0.36 -0.56           C  
HETATM   28  C   UNK     0      32.623   5.420  15.537 -0.27 -0.61           C  
HETATM   29  C   UNK     0      31.368   6.203  15.368 -0.44 -0.01           C  
HETATM   30  C   UNK     0      30.162   5.597  15.234 -0.44  0.01           C  
HETATM   31  C   UNK     0      28.999   6.337  15.272 -0.45  0.01           C  
HETATM   32  C   UNK     0      29.068   7.704  15.442 -0.39  0.00           C  
HETATM   33  C   UNK     0      30.306   8.334  15.582 -0.41  0.00           C  
HETATM   34  C   UNK     0      31.425   7.580  15.543 -0.43  0.00           C  
HETATM   35  C   UNK     0      27.635   5.746  15.135 -0.50  0.00           C  
HETATM   36  C   UNK     0      26.858   6.040  16.373 -0.46  0.00           C  
HETATM   37  C   UNK     0      27.824   4.237  15.004 -0.40  0.00           C  
HETATM    9  O   UNK     0      28.467  -0.615   9.462 -0.28 -0.16           O  
HETATM   16  O   UNK     0      30.805   3.711   5.600 -0.16 -0.02           O  
HETATM   22  O   UNK     0      33.664   4.553   9.276 -0.36  0.08           O  
HETATM   25  O   UNK     0      31.100   5.064  12.426 -0.29  0.12           O  
TER
END",,-12.73,-14.52,-2.26,-14.52,0.00,-1.51,1.79,-1.51
"COMPND    
HETATM    1  N   UNK     0      24.670   5.807  20.675 -0.19 -0.07           N  
HETATM   11  N   UNK     0      28.116   4.871  16.014 -0.15  0.10           N  
HETATM   25  N   UNK     0      32.083   5.977  14.226 -0.19 -0.38           N  
HETATM    2  C   UNK     0      26.035   5.415  20.463 -0.31  0.01           C  
HETATM    3  C   UNK     0      26.981   6.516  20.118 -0.40  0.00           C  
HETATM    4  C   UNK     0      26.429   7.897  20.187 -0.30  0.00           C  
HETATM    5  C   UNK     0      27.074   8.866  19.244 -0.22  0.00           C  
HETATM    6  C   UNK     0      28.448   8.489  18.780 -0.31  0.00           C  
HETATM    7  C   UNK     0      28.361   7.951  17.391 -0.35  0.00           C  
HETATM    8  C   UNK     0      28.542   8.999  16.334 -0.39  0.00           C  
HETATM    9  C   UNK     0      29.232   6.727  17.218 -0.25 -0.03           C  
HETATM   10  C   UNK     0      28.814   6.069  15.957 -0.43 -0.03           C  
HETATM   12  C   UNK     0      26.718   4.646  15.765 -0.35  0.04           C  
HETATM   14  C   UNK     0      25.620   5.433  16.357 -0.25  0.02           C  
HETATM   15  C   UNK     0      25.255   5.370  17.700 -0.33  0.00           C  
HETATM   16  C   UNK     0      24.196   6.065  18.186 -0.23  0.02           C  
HETATM   17  C   UNK     0      23.487   6.842  17.313 -0.24  0.00           C  
HETATM   18  C   UNK     0      23.799   6.948  15.977 -0.26  0.00           C  
HETATM   19  C   UNK     0      24.862   6.237  15.528 -0.27  0.00           C  
HETATM   20  C   UNK     0      23.778   5.971  19.597 -0.17  0.07           C  
HETATM   22  C   UNK     0      29.762   6.318  14.831 -0.39 -0.13           C  
HETATM   24  C   UNK     0      30.939   5.345  14.875 -0.29 -0.35           C  
HETATM   26  C   UNK     0      32.996   6.384  15.352 -0.26 -0.49           C  
HETATM   27  C   UNK     0      32.483   7.754  15.751 -0.49 -0.01           C  
HETATM   28  C   UNK     0      32.431   8.328  16.919 -0.44  0.00           C  
HETATM   29  C   UNK     0      32.023   9.643  17.143 -0.44  0.01           C  
HETATM   30  C   UNK     0      31.648  10.385  16.047 -0.52  0.00           C  
HETATM   31  C   UNK     0      31.698   9.803  14.811 -0.52  0.00           C  
HETATM   32  C   UNK     0      32.095   8.523  14.570 -0.49  0.00           C  
HETATM   33  C   UNK     0      31.986  10.315  18.453 -0.50 -0.01           C  
HETATM   34  C   UNK     0      31.525   9.265  19.470 -0.49  0.00           C  
HETATM   35  C   UNK     0      30.772  11.290  18.350 -0.47  0.00           C  
HETATM   36  C   UNK     0      24.251   5.996  22.066 -0.37  0.04           C  
HETATM   37  C   UNK     0      24.083   7.458  22.351 -0.32  0.01           C  
HETATM   13  O   UNK     0      26.361   3.686  14.964 -0.30 -0.08           O  
HETATM   21  O   UNK     0      22.549   6.040  19.898 -0.12 -0.10           O  
HETATM   23  O   UNK     0      29.084   6.095  13.602 -0.45  0.07           O  
TER
END",,-11.68,-13.77,-1.31,-13.77,0.00,-2.42,2.09,-2.42
"COMPND    
HETATM    9  N   UNK     0      28.377   8.315  18.810 -0.16  0.07           N  
HETATM   21  N   UNK     0      30.980   5.638  14.926 -0.25  0.27           N  
HETATM   25  N   UNK     0      30.420   7.030  23.081 -0.16 -0.12           N  
HETATM    1  C   UNK     0      32.721   8.380  16.749 -0.47 -0.01           C  
HETATM    2  C   UNK     0      32.456   7.308  15.946 -0.48 -0.02           C  
HETATM    3  C   UNK     0      31.192   6.770  15.795 -0.33 -0.07           C  
HETATM    4  C   UNK     0      30.160   7.339  16.485 -0.30 -0.02           C  
HETATM    5  C   UNK     0      30.368   8.410  17.301 -0.26 -0.03           C  
HETATM    6  C   UNK     0      31.664   8.927  17.427 -0.38  0.00           C  
HETATM    7  C   UNK     0      29.286   9.067  18.065 -0.18 -0.11           C  
HETATM   10  C   UNK     0      28.669   7.404  19.877 -0.38 -0.02           C  
HETATM   11  C   UNK     0      27.527   6.581  20.337 -0.39 -0.01           C  
HETATM   12  C   UNK     0      26.671   6.052  19.207 -0.41  0.00           C  
HETATM   13  C   UNK     0      25.714   4.991  19.701 -0.47  0.00           C  
HETATM   14  C   UNK     0      27.600   5.514  18.153 -0.26  0.00           C  
HETATM   15  C   UNK     0      26.786   5.217  16.916 -0.35  0.01           C  
HETATM   17  C   UNK     0      27.474   5.953  14.902 -0.36 -0.01           C  
HETATM   18  C   UNK     0      28.102   4.596  15.039 -0.42 -0.01           C  
HETATM   19  C   UNK     0      29.127   4.356  13.925 -0.26 -0.02           C  
HETATM   20  C   UNK     0      29.971   5.623  13.879 -0.45 -0.07           C  
HETATM   22  C   UNK     0      29.492   7.931  20.966 -0.39 -0.08           C  
HETATM   24  C   UNK     0      30.222   6.843  21.684 -0.37 -0.12           C  
HETATM   26  C   UNK     0      30.770   5.800  23.721 -0.37 -0.11           C  
HETATM   27  C   UNK     0      30.634   5.793  25.176 -0.64  0.00           C  
HETATM   28  C   UNK     0      31.635   6.414  25.919 -0.35  0.00           C  
HETATM   29  C   UNK     0      31.621   6.485  27.280 -0.72  0.00           C  
HETATM   30  C   UNK     0      30.582   5.926  27.977 -0.70  0.00           C  
HETATM   31  C   UNK     0      29.556   5.294  27.291 -0.61  0.01           C  
HETATM   32  C   UNK     0      29.595   5.237  25.896 -0.54  0.00           C  
HETATM   33  C   UNK     0      28.414   4.667  28.002 -0.64 -0.01           C  
HETATM   34  C   UNK     0      28.487   3.165  27.846 -0.52 -0.01           C  
HETATM   35  C   UNK     0      28.554   4.973  29.487 -0.62  0.00           C  
HETATM   36  C   UNK     0      34.065   8.936  16.899 -0.25 -0.10           C  
HETATM   38  C   UNK     0      35.345  10.739  17.564 -0.52 -0.06           C  
HETATM    8  O   UNK     0      29.256  10.352  17.989 -0.21  0.10           O  
HETATM   16  O   UNK     0      26.854   6.321  16.070 -0.24  0.00           O  
HETATM   23  O   UNK     0      30.389   8.895  20.568 -0.33  0.07           O  
HETATM   37  O   UNK     0      34.124  10.092  17.635 -0.39  0.15           O  
TER
END",,-13.09,-15.47,-0.33,-15.47,0.00,-0.86,2.39,-0.86
"COMPND    
HETATM   10  N   UNK     0      28.981   4.593  14.912 -0.22  0.20           N  
HETATM   21  N   UNK     0      30.106   9.540  17.850 -0.17  0.09           N  
HETATM   25  N   UNK     0      27.732  11.816  17.074 -0.24  0.11           N  
HETATM   37  N   UNK     0      24.518   5.202  19.556 -0.24 -0.06           N  
HETATM    1  C   UNK     0      30.061   9.554  16.486 -0.39 -0.03           C  
HETATM    2  C   UNK     0      30.447   8.459  15.624 -0.44 -0.02           C  
HETATM    3  C   UNK     0      31.900   8.340  15.261 -0.56  0.00           C  
HETATM    4  C   UNK     0      32.241   9.392  14.229 -0.44  0.00           C  
HETATM    5  C   UNK     0      32.175   7.000  14.631 -0.50  0.00           C  
HETATM    6  C   UNK     0      32.669   6.000  15.666 -0.56  0.00           C  
HETATM    7  C   UNK     0      32.670   4.592  15.122 -0.48  0.00           C  
HETATM    8  C   UNK     0      31.284   3.969  15.393 -0.22 -0.05           C  
HETATM    9  C   UNK     0      30.309   5.117  15.174 -0.43 -0.11           C  
HETATM   11  C   UNK     0      27.849   5.113  15.544 -0.33 -0.06           C  
HETATM   13  C   UNK     0      27.809   5.831  16.832 -0.36 -0.01           C  
HETATM   14  C   UNK     0      28.722   6.774  17.160 -0.34  0.00           C  
HETATM   15  C   UNK     0      28.701   7.461  18.354 -0.27 -0.02           C  
HETATM   16  C   UNK     0      27.667   7.138  19.238 -0.33  0.00           C  
HETATM   17  C   UNK     0      26.706   6.189  18.968 -0.33  0.00           C  
HETATM   18  C   UNK     0      26.808   5.549  17.745 -0.35  0.00           C  
HETATM   19  C   UNK     0      29.675   8.481  18.728 -0.17 -0.12           C  
HETATM   22  C   UNK     0      29.646  10.781  15.803 -0.41 -0.10           C  
HETATM   24  C   UNK     0      28.288  11.295  15.963 -0.39 -0.04           C  
HETATM   26  C   UNK     0      28.177  13.081  17.551 -0.44 -0.06           C  
HETATM   27  C   UNK     0      27.040  14.075  17.553 -0.51  0.00           C  
HETATM   28  C   UNK     0      25.906  13.868  16.819 -0.39  0.00           C  
HETATM   29  C   UNK     0      24.887  14.819  16.838 -0.31  0.00           C  
HETATM   30  C   UNK     0      25.070  15.931  17.600 -0.25  0.00           C  
HETATM   31  C   UNK     0      26.200  16.174  18.354 -0.38  0.00           C  
HETATM   32  C   UNK     0      27.193  15.237  18.330 -0.42  0.00           C  
HETATM   33  C   UNK     0      26.228  17.425  19.124 -0.45  0.00           C  
HETATM   34  C   UNK     0      25.159  18.408  18.786 -0.27  0.00           C  
HETATM   35  C   UNK     0      26.277  17.123  20.601 -0.47  0.00           C  
HETATM   36  C   UNK     0      25.619   5.883  19.889 -0.27  0.02           C  
HETATM   38  C   UNK     0      23.739   5.094  20.624 -0.24  0.05           C  
HETATM   39  C   UNK     0      24.400   5.740  21.647 -0.30  0.05           C  
HETATM   41  C   UNK     0      28.927   3.500  13.954 -0.18 -0.07           C  
HETATM   42  C   UNK     0      28.673   2.178  14.581 -0.44 -0.02           C  
HETATM   43  C   UNK     0      30.032   3.482  12.991 -0.39  0.00           C  
HETATM   44  C   UNK     0      30.693   2.260  12.841 -0.43  0.00           C  
HETATM   45  C   UNK     0      31.761   2.063  11.999 -0.44  0.00           C  
HETATM   46  C   UNK     0      32.206   3.156  11.254 -0.46  0.00           C  
HETATM   47  C   UNK     0      31.567   4.372  11.386 -0.39  0.00           C  
HETATM   48  C   UNK     0      30.485   4.521  12.254 -0.26  0.00           C  
HETATM   12  O   UNK     0      26.733   4.947  14.942 -0.32 -0.06           O  
HETATM   20  O   UNK     0      30.164   8.438  19.869 -0.22  0.11           O  
HETATM   23  O   UNK     0      30.593  11.834  16.090 -0.46  0.09           O  
HETATM   40  O   UNK     0      25.527   6.194  21.138 -0.26 -0.04           O  
TER
END",,-14.97,-17.35,-0.19,-17.35,0.00,-1.76,2.39,-1.76
"COMPND    
HETATM   13  N   UNK     0      31.499   8.552  18.425 -0.15  0.18           N  
HETATM   19  N   UNK     0      31.044   7.438  15.139 -0.26  0.16           N  
HETATM   25  N   UNK     0      31.999   4.698  12.736 -0.22  0.23           N  
HETATM    1  C   UNK     0      28.556   7.163  14.988 -0.46  0.00           C  
HETATM    2  C   UNK     0      28.743   5.695  15.187 -0.52  0.00           C  
HETATM    3  C   UNK     0      27.960   5.076  16.291 -0.30  0.00           C  
HETATM    4  C   UNK     0      27.789   5.940  17.511 -0.42  0.00           C  
HETATM    5  C   UNK     0      26.999   7.191  17.236 -0.35  0.00           C  
HETATM    6  C   UNK     0      26.232   7.650  18.478 -0.24  0.00           C  
HETATM    7  C   UNK     0      27.265   8.199  19.456 -0.27 -0.01           C  
HETATM    8  C   UNK     0      28.102   7.016  19.865 -0.35 -0.04           C  
HETATM   10  C   UNK     0      29.662   8.589  20.216 -0.29 -0.08           C  
HETATM   11  C   UNK     0      31.035   8.249  19.734 -0.24 -0.13           C  
HETATM   14  C   UNK     0      32.904   8.835  18.207 -0.31 -0.07           C  
HETATM   15  C   UNK     0      30.577   8.572  17.291 -0.25 -0.09           C  
HETATM   16  C   UNK     0      29.719   9.814  17.287 -0.39 -0.01           C  
HETATM   17  C   UNK     0      31.303   8.531  15.990 -0.27 -0.16           C  
HETATM   20  C   UNK     0      31.226   6.046  15.524 -0.38 -0.16           C  
HETATM   21  C   UNK     0      30.124   5.176  14.987 -0.50 -0.03           C  
HETATM   22  C   UNK     0      32.564   5.630  14.906 -0.46 -0.24           C  
HETATM   23  C   UNK     0      32.497   4.515  14.004 -0.53 -0.19           C  
HETATM   26  C   UNK     0      31.731   3.537  11.963 -0.41 -0.07           C  
HETATM   27  C   UNK     0      30.528   2.674  12.311 -0.39 -0.02           C  
HETATM   28  C   UNK     0      31.923   2.196  12.612 -0.44 -0.03           C  
HETATM   29  C   UNK     0      31.998   3.669  10.505 -0.49  0.00           C  
HETATM   30  C   UNK     0      30.955   3.634   9.624 -0.45  0.00           C  
HETATM   31  C   UNK     0      31.197   3.762   8.261 -0.40  0.00           C  
HETATM   32  C   UNK     0      32.507   3.924   7.826 -0.40  0.00           C  
HETATM   33  C   UNK     0      33.549   3.961   8.715 -0.48  0.01           C  
HETATM   34  C   UNK     0      33.281   3.830  10.065 -0.52  0.00           C  
HETATM   35  C   UNK     0      34.922   4.129   8.205 -0.60  0.00           C  
HETATM   36  C   UNK     0      35.723   2.921   8.584 -0.65  0.00           C  
HETATM   37  C   UNK     0      34.908   4.365   6.714 -0.60  0.00           C  
HETATM   38  C   UNK     0      35.538   5.325   8.894 -0.59  0.00           C  
HETATM    9  O   UNK     0      29.030   7.506  20.816 -0.26  0.12           O  
HETATM   12  O   UNK     0      31.786   7.668  20.556 -0.36  0.12           O  
HETATM   18  O   UNK     0      32.090   9.479  15.756 -0.30  0.13           O  
HETATM   24  O   UNK     0      33.339   6.717  14.596 -0.45  0.28           O  
TER
END",,-13.58,-15.07,-0.12,-15.07,0.00,-1.44,1.49,-1.44
"COMPND    
HETATM    9  N   UNK     0      29.530   5.432  15.614 -0.17  0.28           N  
HETATM   21  N   UNK     0      29.011   7.464  20.227 -0.24  0.10           N  
HETATM   25  N   UNK     0      33.272   3.937  13.284 -0.27 -0.57           N  
HETATM    1  C   UNK     0      25.845   6.256  18.683 -0.30  0.00           C  
HETATM    2  C   UNK     0      26.748   6.790  19.599 -0.32  0.00           C  
HETATM    3  C   UNK     0      28.083   6.912  19.314 -0.32 -0.02           C  
HETATM    4  C   UNK     0      28.526   6.490  18.086 -0.31 -0.01           C  
HETATM    5  C   UNK     0      27.685   5.957  17.141 -0.34 -0.02           C  
HETATM    6  C   UNK     0      26.347   5.854  17.475 -0.37  0.00           C  
HETATM    7  C   UNK     0      28.204   5.516  15.826 -0.28 -0.12           C  
HETATM   10  C   UNK     0      30.797   5.784  15.472 -0.39 -0.14           C  
HETATM   11  C   UNK     0      31.495   6.871  16.169 -0.29 -0.06           C  
HETATM   12  C   UNK     0      32.219   7.720  15.097 -0.57 -0.01           C  
HETATM   13  C   UNK     0      33.320   8.494  15.815 -0.56  0.00           C  
HETATM   14  C   UNK     0      31.165   8.686  14.585 -0.58  0.00           C  
HETATM   15  C   UNK     0      30.304   9.056  15.781 -0.46  0.00           C  
HETATM   16  C   UNK     0      31.211   9.046  17.004 -0.42  0.00           C  
HETATM   17  C   UNK     0      31.153  10.397  17.704 -0.51  0.00           C  
HETATM   18  C   UNK     0      31.375  10.150  19.177 -0.50  0.00           C  
HETATM   19  C   UNK     0      30.143   9.590  19.812 -0.41 -0.01           C  
HETATM   20  C   UNK     0      30.259   8.101  19.844 -0.33 -0.06           C  
HETATM   22  C   UNK     0      31.571   5.219  14.366 -0.43 -0.20           C  
HETATM   24  C   UNK     0      32.659   4.281  14.575 -0.32 -0.73           C  
HETATM   26  C   UNK     0      32.336   2.985  12.625 -0.24 -0.34           C  
HETATM   27  C   UNK     0      32.247   3.397  11.195 -0.47 -0.01           C  
HETATM   28  C   UNK     0      31.032   3.370  10.567 -0.45  0.00           C  
HETATM   29  C   UNK     0      30.924   3.835   9.314 -0.44  0.00           C  
HETATM   30  C   UNK     0      32.035   4.328   8.694 -0.43  0.00           C  
HETATM   31  C   UNK     0      33.278   4.375   9.289 -0.51  0.01           C  
HETATM   32  C   UNK     0      33.369   3.889  10.583 -0.48  0.00           C  
HETATM   33  C   UNK     0      34.494   4.923   8.605 -0.61  0.00           C  
HETATM   34  C   UNK     0      35.533   3.793   8.644 -0.65  0.00           C  
HETATM   35  C   UNK     0      34.184   5.208   7.142 -0.62  0.00           C  
HETATM   36  C   UNK     0      24.413   6.126  18.988 -0.21  0.04           C  
HETATM   38  C   UNK     0      24.453   3.896  19.446 -0.46  0.08           C  
HETATM    8  O   UNK     0      27.279   5.240  14.975 -0.36 -0.01           O  
HETATM   23  O   UNK     0      31.259   5.503  13.092 -0.27  0.13           O  
HETATM   37  O   UNK     0      24.025   4.848  18.531 -0.19 -0.17           O  
TER
END",,-14.54,-16.92,-1.82,-16.92,0.00,-1.27,2.39,-1.27
"COMPND    
HETATM   10  N   UNK     0      27.690   7.536  19.854 -0.15  0.07           N  
HETATM   21  N   UNK     0      30.609   7.671  15.095 -0.27  0.14           N  
HETATM   28  N   UNK     0      31.379   4.401  12.604 -0.30  0.18           N  
HETATM    1  C   UNK     0      31.390   7.431  16.251 -0.31 -0.11           C  
HETATM    2  C   UNK     0      30.996   8.206  17.465 -0.30 -0.02           C  
HETATM    3  C   UNK     0      31.295   9.667  17.208 -0.46  0.00           C  
HETATM    4  C   UNK     0      32.795   9.871  17.168 -0.61  0.00           C  
HETATM    5  C   UNK     0      30.735  10.462  18.371 -0.47  0.00           C  
HETATM    6  C   UNK     0      31.352   9.944  19.632 -0.52  0.00           C  
HETATM    7  C   UNK     0      31.092   8.477  19.825 -0.47  0.00           C  
HETATM    8  C   UNK     0      29.884   8.230  20.691 -0.49 -0.01           C  
HETATM    9  C   UNK     0      29.068   7.130  20.046 -0.37 -0.04           C  
HETATM   11  C   UNK     0      26.817   6.889  18.943 -0.23 -0.03           C  
HETATM   13  C   UNK     0      27.208   6.315  17.666 -0.33 -0.01           C  
HETATM   14  C   UNK     0      26.643   5.117  17.277 -0.32  0.00           C  
HETATM   15  C   UNK     0      26.966   4.525  16.085 -0.34  0.00           C  
HETATM   16  C   UNK     0      27.876   5.156  15.278 -0.44 -0.01           C  
HETATM   17  C   UNK     0      28.478   6.357  15.609 -0.41 -0.02           C  
HETATM   18  C   UNK     0      28.117   6.909  16.820 -0.36  0.00           C  
HETATM   19  C   UNK     0      29.436   6.979  14.706 -0.35 -0.13           C  
HETATM   22  C   UNK     0      32.885   7.472  15.995 -0.45 -0.17           C  
HETATM   24  C   UNK     0      33.237   6.587  14.848 -0.36 -0.07           C  
HETATM   25  C   UNK     0      32.339   5.415  14.679 -0.53 -0.13           C  
HETATM   26  C   UNK     0      32.287   4.502  15.858 -0.47 -0.02           C  
HETATM   27  C   UNK     0      32.516   4.693  13.402 -0.32 -0.32           C  
HETATM   30  C   UNK     0      31.443   3.699  11.338 -0.44 -0.07           C  
HETATM   31  C   UNK     0      30.730   2.384  11.366 -0.45 -0.01           C  
HETATM   32  C   UNK     0      31.134   1.673  12.647 -0.52  0.00           C  
HETATM   33  C   UNK     0      29.931   1.393  13.528 -0.51  0.00           C  
HETATM   35  C   UNK     0      27.082   2.221  15.246 -0.40  0.01           C  
HETATM   36  C   UNK     0      26.370   1.543  14.096 -0.48  0.01           C  
HETATM   37  C   UNK     0      27.236   8.674  20.670 -0.28 -0.02           C  
HETATM   38  C   UNK     0      27.172   9.942  19.865 -0.28 -0.01           C  
HETATM   12  O   UNK     0      25.590   6.817  19.295 -0.14 -0.01           O  
HETATM   20  O   UNK     0      29.230   6.911  13.464 -0.29  0.10           O  
HETATM   23  O   UNK     0      33.615   7.200  17.126 -0.45  0.24           O  
HETATM   29  O   UNK     0      33.634   4.333  13.002 -0.44  0.43           O  
HETATM   34  O   UNK     0      26.400   3.345  15.716 -0.23 -0.16           O  
TER
END",,-11.76,-14.74,-0.19,-14.74,0.00,-2.24,2.98,-2.24
"COMPND    
HETATM   14  N   UNK     0      27.145   8.205  19.488 -0.12  0.06           N  
HETATM   23  N   UNK     0      28.425   5.094  15.640 -0.27  0.11           N  
HETATM   31  N   UNK     0      32.438   5.323  14.191 -0.24 -0.50           N  
HETATM    1  C   UNK     0      29.136   6.350  15.537 -0.40 -0.07           C  
HETATM    2  C   UNK     0      29.803   6.727  16.820 -0.09 -0.04           C  
HETATM    3  C   UNK     0      30.002   8.193  16.922 -0.30  0.01           C  
HETATM    4  C   UNK     0      29.597   9.062  15.934 -0.33  0.00           C  
HETATM    5  C   UNK     0      29.813  10.412  16.091 -0.50  0.00           C  
HETATM    6  C   UNK     0      30.427  10.882  17.228 -0.47 -0.01           C  
HETATM    7  C   UNK     0      30.836  10.018  18.220 -0.33 -0.04           C  
HETATM    8  C   UNK     0      30.616   8.669  18.056 -0.29 -0.01           C  
HETATM   10  C   UNK     0      31.176   9.932  20.663 -0.42 -0.05           C  
HETATM   11  C   UNK     0      30.438   8.618  20.427 -0.48 -0.01           C  
HETATM   12  C   UNK     0      29.022   8.684  20.946 -0.45 -0.01           C  
HETATM   13  C   UNK     0      28.244   7.592  20.245 -0.35 -0.04           C  
HETATM   15  C   UNK     0      26.351   7.456  18.579 -0.21 -0.01           C  
HETATM   16  C   UNK     0      24.979   7.512  18.528 -0.19  0.00           C  
HETATM   17  C   UNK     0      24.258   6.768  17.631 -0.25  0.00           C  
HETATM   18  C   UNK     0      24.947   5.953  16.768 -0.30  0.00           C  
HETATM   19  C   UNK     0      26.333   5.846  16.762 -0.36  0.01           C  
HETATM   20  C   UNK     0      26.990   6.624  17.693 -0.33  0.00           C  
HETATM   21  C   UNK     0      27.036   4.973  15.835 -0.33  0.01           C  
HETATM   24  C   UNK     0      30.158   6.190  14.432 -0.39 -0.13           C  
HETATM   26  C   UNK     0      31.176   5.176  14.874 -0.31 -0.38           C  
HETATM   27  C   UNK     0      30.636   3.794  14.490 -0.34 -0.25           C  
HETATM   29  C   UNK     0      32.295   3.284  12.956 -0.43 -0.21           C  
HETATM   30  C   UNK     0      33.022   3.976  14.112 -0.29 -0.68           C  
HETATM   32  C   UNK     0      32.779   3.950  11.685 -0.39 -0.13           C  
HETATM   34  C   UNK     0      31.718   3.915   9.693 -0.42 -0.06           C  
HETATM   35  C   UNK     0      22.782   6.886  17.642 -0.17  0.04           C  
HETATM   37  C   UNK     0      22.293   5.032  18.801 -0.25  0.08           C  
HETATM    9  O   UNK     0      31.461  10.467  19.383 -0.27  0.12           O  
HETATM   22  O   UNK     0      26.370   4.110  15.215 -0.27 -0.12           O  
HETATM   25  O   UNK     0      29.599   5.770  13.238 -0.36  0.08           O  
HETATM   28  O   UNK     0      30.933   3.616  13.133 -0.23  0.33           O  
HETATM   33  O   UNK     0      31.721   4.482  10.950 -0.27  0.14           O  
HETATM   36  O   UNK     0      22.163   5.643  17.542 -0.11 -0.17           O  
TER
END",,-11.66,-13.45,-1.92,-13.45,0.00,-1.10,1.79,-1.10
"COMPND    
HETATM   15  N   UNK     0      28.419   9.185  17.235 -0.16  0.12           N  
HETATM   21  N   UNK     0      30.398   7.157  15.140 -0.26  0.15           N  
HETATM   25  N   UNK     0      32.102   4.275  15.323 -0.29 -0.76           N  
HETATM   28  N   UNK     0      30.986   3.377  12.756 -0.33  0.13           N  
HETATM   29  N   UNK     0      30.786   3.575  11.451 -0.35  0.08           N  
HETATM    1  C   UNK     0      31.621   7.771  15.710 -0.39 -0.10           C  
HETATM    2  C   UNK     0      31.508   7.766  17.234 -0.15 -0.02           C  
HETATM    3  C   UNK     0      31.969   8.999  17.898 -0.48  0.00           C  
HETATM    4  C   UNK     0      33.111   9.735  17.322 -0.62  0.00           C  
HETATM    5  C   UNK     0      32.280   8.574  19.370 -0.13  0.00           C  
HETATM    6  C   UNK     0      30.946   8.689  20.103 -0.50  0.00           C  
HETATM    7  C   UNK     0      30.888   7.750  21.287 -0.59  0.00           C  
HETATM    8  C   UNK     0      29.585   7.020  21.328 -0.55  0.00           C  
HETATM    9  C   UNK     0      28.403   7.998  21.480 -0.41 -0.01           C  
HETATM   10  C   UNK     0      27.153   7.347  20.848 -0.31 -0.03           C  
HETATM   12  C   UNK     0      27.549   9.232  19.687 -0.19 -0.06           C  
HETATM   13  C   UNK     0      28.176   9.784  18.496 -0.15 -0.10           C  
HETATM   16  C   UNK     0      28.173  10.080  16.082 -0.05 -0.05           C  
HETATM   17  C   UNK     0      28.847   7.875  16.929 -0.33 -0.04           C  
HETATM   18  C   UNK     0      28.825   6.823  17.930 -0.28 -0.03           C  
HETATM   19  C   UNK     0      29.092   7.560  15.528 -0.28 -0.13           C  
HETATM   22  C   UNK     0      32.680   6.637  15.416 -0.42 -0.27           C  
HETATM   24  C   UNK     0      32.099   5.541  14.630 -0.32 -0.44           C  
HETATM   26  C   UNK     0      32.880   3.379  14.413 -0.15 -0.80           C  
HETATM   27  C   UNK     0      32.303   3.601  13.043 -0.44 -0.14           C  
HETATM   30  C   UNK     0      32.008   3.927  10.914 -0.43 -0.04           C  
HETATM   31  C   UNK     0      32.982   3.951  11.908 -0.43 -0.03           C  
HETATM   32  C   UNK     0      32.151   4.203   9.483 -0.51 -0.02           C  
HETATM   33  C   UNK     0      33.592   3.844   9.023 -0.57  0.00           C  
HETATM   34  C   UNK     0      34.290   5.048   8.483 -0.63  0.00           C  
HETATM   11  O   UNK     0      27.045   7.968  19.574 -0.12  0.07           O  
HETATM   14  O   UNK     0      28.567  11.013  18.648 -0.20  0.09           O  
HETATM   20  O   UNK     0      28.217   7.631  14.656 -0.06  0.08           O  
HETATM   23  O   UNK     0      33.722   7.328  14.721 -0.42  0.28           O  
TER
END",,-11.48,-13.56,-2.08,-13.56,0.00,-0.99,2.09,-0.99
"COMPND    
HETATM    6  N   UNK     0      28.046   7.504  17.782 -0.17  0.08           N  
HETATM   18  N   UNK     0      31.716   6.265  14.066 -0.20  0.20           N  
HETATM   22  N   UNK     0      27.407   5.407  16.752 -0.27  0.03           N  
HETATM   26  N   UNK     0      32.112   2.312  14.040  0.18 -0.71           N  
HETATM    1  C   UNK     0      27.534   4.450  15.830 -0.11 -0.04           C  
HETATM    2  C   UNK     0      28.513   4.575  14.879 -0.37 -0.02           C  
HETATM    3  C   UNK     0      29.372   5.680  14.858 -0.44 -0.04           C  
HETATM    4  C   UNK     0      29.170   6.622  15.848 -0.39 -0.02           C  
HETATM    5  C   UNK     0      28.190   6.501  16.806 -0.29 -0.05           C  
HETATM    7  C   UNK     0      28.991   8.567  18.046 -0.26 -0.05           C  
HETATM    8  C   UNK     0      28.502   9.887  17.544 -0.31 -0.01           C  
HETATM    9  C   UNK     0      29.332  10.980  18.214 -0.40  0.00           C  
HETATM   10  C   UNK     0      30.742  10.482  18.447 -0.45 -0.01           C  
HETATM   11  C   UNK     0      31.274   9.918  17.179 -0.40  0.01           C  
HETATM   12  C   UNK     0      31.313  10.604  15.995 -0.54  0.00           C  
HETATM   13  C   UNK     0      31.821  10.005  14.867 -0.39  0.00           C  
HETATM   14  C   UNK     0      32.298   8.695  14.937 -0.54  0.00           C  
HETATM   15  C   UNK     0      32.266   8.000  16.106 -0.44  0.02           C  
HETATM   16  C   UNK     0      32.745   6.611  16.278 -0.47 -0.07           C  
HETATM   17  C   UNK     0      32.662   5.803  15.027 -0.46 -0.23           C  
HETATM   19  C   UNK     0      30.409   5.807  13.841 -0.29 -0.17           C  
HETATM   21  C   UNK     0      31.751   8.623  17.225 -0.37  0.01           C  
HETATM   23  C   UNK     0      32.652   4.321  15.250 -0.24 -0.53           C  
HETATM   25  C   UNK     0      32.815   3.554  13.951 -0.32 -0.62           C  
HETATM   27  C   UNK     0      30.700   2.459  13.739 -0.15 -0.44           C  
HETATM   28  C   UNK     0      30.440   2.131  12.300 -0.40 -0.01           C  
HETATM   29  C   UNK     0      29.620   1.071  11.977 -0.39  0.00           C  
HETATM   30  C   UNK     0      29.409   0.808  10.641 -0.40  0.00           C  
HETATM   31  C   UNK     0      29.975   1.549   9.625 -0.24  0.00           C  
HETATM   32  C   UNK     0      30.803   2.616   9.969 -0.37  0.01           C  
HETATM   33  C   UNK     0      31.010   2.876  11.300 -0.43  0.00           C  
HETATM   34  C   UNK     0      31.421   3.427   8.895 -0.44 -0.01           C  
HETATM   35  C   UNK     0      30.334   4.182   8.185 -0.42  0.00           C  
HETATM   36  C   UNK     0      32.451   4.357   9.446 -0.56  0.00           C  
HETATM   38  C   UNK     0      26.861   2.244  15.030 -0.36  0.04           C  
HETATM   20  O   UNK     0      30.051   5.459  12.657 -0.03  0.11           O  
HETATM   24  O   UNK     0      31.393   3.968  15.785 -0.38  0.50           O  
HETATM   37  O   UNK     0      26.690   3.366  15.854 -0.32 -0.09           O  
TER
END",,-12.85,-14.94,-2.10,-14.94,0.00,-1.67,2.09,-1.67