pdb,pose,binding energy
"HETATM 2671  C4  UAO A 500      -6.027   0.434 -17.443  1.00  0.00           C  
HETATM 2672  C5  UAO A 500      -7.864  -1.238 -17.335  1.00  0.00           C  
HETATM 2673  C6  UAO A 500      -9.111  -3.409 -16.951  1.00  0.00           C  
HETATM 2674  C7  UAO A 500     -10.234  -2.794 -17.791  1.00  0.00           C  
HETATM 2675  N12 UAO A 500      -6.639  -2.922 -16.651  1.00  0.00           N  
HETATM 2676  C13 UAO A 500      -5.836  -1.871 -16.783  1.00  0.00           C  
HETATM 2677  O   UAO A 500     -11.812  -3.648 -14.785  1.00  0.00           O  
HETATM 2678  C11 UAO A 500     -11.024  -3.557 -15.729  1.00  0.00           C  
HETATM 2679  C9  UAO A 500     -11.424  -3.550 -17.205  1.00  0.00           C  
HETATM 2680  N   UAO A 500      -9.704  -3.469 -15.608  1.00  0.00           N  
HETATM 2681  C12 UAO A 500      -7.860  -2.523 -16.986  1.00  0.00           C  
HETATM 2682  C14 UAO A 500      -6.611  -0.804 -17.220  1.00  0.00           C  
HETATM 2683  C3  UAO A 500      -4.666   0.608 -17.229  1.00  0.00           C  
HETATM 2684  C2  UAO A 500      -3.889  -0.458 -16.793  1.00  0.00           C  
HETATM 2685  C1  UAO A 500      -4.473  -1.698 -16.569  1.00  0.00           C  
HETATM 2686  H4  UAO A 500      -6.636   1.274 -17.762  1.00  0.00           H  
HETATM 2687  H5  UAO A 500      -8.733  -0.654 -17.609  1.00  0.00           H  
HETATM 2688  H6  UAO A 500      -8.878  -4.435 -17.258  1.00  0.00           H  
HETATM 2689  H8  UAO A 500     -10.351  -1.715 -17.622  1.00  0.00           H  
HETATM 2690  H7  UAO A 500     -10.076  -2.930 -18.866  1.00  0.00           H  
HETATM 2691  H12 UAO A 500      -6.373  -3.842 -16.356  1.00  0.00           H  
HETATM 2692  H10 UAO A 500     -11.486  -4.584 -17.557  1.00  0.00           H  
HETATM 2693  H9  UAO A 500     -12.372  -3.033 -17.370  1.00  0.00           H  
HETATM 2694  H67 UAO A 500      -9.219  -3.747 -14.763  1.00  0.00           H  
HETATM 2695  H3  UAO A 500      -4.212   1.582 -17.394  1.00  0.00           H  
HETATM 2696  H2  UAO A 500      -2.823  -0.322 -16.625  1.00  0.00           H  
HETATM 2697  H1  UAO A 500      -3.865  -2.521 -16.209  1.00  0.00           H  
","COMPND    
HETATM   15  N   UAO A 500      -1.549  -8.087  -1.461 -0.20  0.08           N  
HETATM   16  O   UAO A 500      -3.428  -9.260  -1.956 -0.50  0.05           O  
HETATM    1  C4  UAO A 500       1.303  -3.696   1.369 -0.51  0.00           C  
HETATM    2  C5  UAO A 500       0.017  -4.878  -0.401 -0.54 -0.01           C  
HETATM    3  N12 UAO A 500       0.385  -6.912   0.328 -0.23  0.08           N  
HETATM    5  C12 UAO A 500      -0.207  -6.174  -0.604 -0.56 -0.01           C  
HETATM    4  C13 UAO A 500       1.002  -6.073   1.155 -0.47 -0.01           C  
HETATM    6  C14 UAO A 500       0.772  -4.783   0.691 -0.52  0.00           C  
HETATM    7  C3  UAO A 500       2.065  -3.896   2.513 -0.55  0.00           C  
HETATM    8  C2  UAO A 500       2.297  -5.184   2.977 -0.49  0.00           C  
HETATM    9  C1  UAO A 500       1.766  -6.274   2.299 -0.51  0.00           C  
HETATM   11  C6  UAO A 500      -1.060  -6.731  -1.749 -0.52 -0.02           C  
HETATM   12  C7  UAO A 500      -2.355  -5.928  -1.900 -0.62 -0.01           C  
HETATM   13  C9  UAO A 500      -3.180  -6.936  -2.698 -0.54 -0.01           C  
HETATM   14  C11 UAO A 500      -2.755  -8.228  -2.000 -0.49 -0.03           C  
HETATM   10  H12 UAO A 500       0.371  -7.911   0.395 -0.24 -0.08           H  
HETATM   17  H67 UAO A 500      -0.969  -8.881  -1.218 -0.41 -0.08           H  
TER
END",-7.65