Cmpd_ID,SMILES,AutoDock poses,binding energy
BACE_1,CCCCNC(=O)[C@H](C)C[C@H](O)[C@@H]2C[C@H](C)CCCCCN(CC)C(=O)c1cc(cc(c1)C(=O)N2)OCC,"COMPND    
REMARK   1 receptor.    BACE1 J.
REMARK   2 name.     J.
REMARK   3 binding energy.    -12.699999809265137 J.
REMARK   4 intermolecular (1).    -15.680000305175781 J.
REMARK   5 electrostatic.    -0.15000000596046448 J.
REMARK   6 ligand fixed.    -15.680000305175781 J.
REMARK   7 ligand moving.    0 J.
REMARK   8 total internal (2).    -1.5499999523162842 J.
REMARK   9 torsional free (3).    2.9800000190734863 J.
REMARK   10 unbound systems (4).    -1.5499999523162842 J.
HETATM   10  N   UNK     0      26.322   6.438  16.611 -0.20 -0.02           N  
HETATM   21  N   UNK     0      29.369   9.486  19.592 -0.16  0.08           N  
HETATM   29  N   UNK     0      30.554   5.776  24.805 -0.42  0.08           N  
HETATM    1  C   UNK     0      29.273   8.336  20.409 -0.36 -0.05           C  
HETATM    2  C   UNK     0      28.100   8.392  21.325 -0.40 -0.01           C  
HETATM    3  C   UNK     0      26.840   8.166  20.519 -0.32  0.00           C  
HETATM    4  C   UNK     0      26.279   9.538  20.186 -0.25  0.00           C  
HETATM    5  C   UNK     0      25.884   7.354  21.344 -0.35  0.00           C  
HETATM    6  C   UNK     0      25.114   6.444  20.427 -0.34  0.00           C  
HETATM    7  C   UNK     0      25.970   5.292  19.910 -0.46  0.00           C  
HETATM    8  C   UNK     0      26.973   5.807  18.888 -0.41  0.00           C  
HETATM    9  C   UNK     0      26.290   6.853  18.004 -0.29 -0.01           C  
HETATM   11  C   UNK     0      27.533   6.272  15.884 -0.34 -0.04           C  
HETATM   13  C   UNK     0      28.712   7.117  16.109 -0.37 -0.02           C  
HETATM   14  C   UNK     0      29.743   7.006  15.195 -0.43 -0.02           C  
HETATM   15  C   UNK     0      30.884   7.758  15.327 -0.37 -0.06           C  
HETATM   16  C   UNK     0      30.966   8.620  16.393 -0.34 -0.02           C  
HETATM   17  C   UNK     0      29.932   8.740  17.322 -0.27 -0.03           C  
HETATM   18  C   UNK     0      28.801   7.982  17.173 -0.32  0.00           C  
HETATM   19  C   UNK     0      30.113   9.693  18.432 -0.21 -0.11           C  
HETATM   22  C   UNK     0      30.527   7.855  21.031 -0.45 -0.06           C  
HETATM   24  C   UNK     0      30.301   7.067  22.303 -0.54 -0.02           C  
HETATM   25  C   UNK     0      31.183   5.828  22.346 -0.64 -0.03           C  
HETATM   26  C   UNK     0      32.532   6.195  21.714 -0.52  0.00           C  
HETATM   27  C   UNK     0      31.452   5.450  23.756 -0.49 -0.09           C  
HETATM   30  C   UNK     0      30.752   5.441  26.184 -0.63 -0.05           C  
HETATM   31  C   UNK     0      31.428   6.589  26.887 -0.82 -0.01           C  
HETATM   32  C   UNK     0      31.167   6.524  28.388 -0.82  0.00           C  
HETATM   33  C   UNK     0      30.003   5.610  28.656 -0.72  0.00           C  
HETATM   35  C   UNK     0      33.050   6.860  14.714 -0.35 -0.19           C  
HETATM   36  C   UNK     0      32.598   5.414  14.745 -0.55 -0.06           C  
HETATM   37  C   UNK     0      25.012   6.197  15.992 -0.33  0.04           C  
HETATM   38  C   UNK     0      23.911   6.277  16.999 -0.30  0.01           C  
HETATM   12  O   UNK     0      27.538   5.338  15.017 -0.35  0.02           O  
HETATM   20  O   UNK     0      30.938  10.622  18.224 -0.28  0.10           O  
HETATM   23  O   UNK     0      31.525   8.788  21.127 -0.41  0.07           O  
HETATM   28  O   UNK     0      32.500   4.812  24.102 -0.46  0.12           O  
HETATM   34  O   UNK     0      31.909   7.644  14.413 -0.26  0.22           O  
TER
END",-12.70
BACE_10,COCc1cc2cc(c1)C(=O)N[C@@H](C[C@H](C)CCOCCCCN2)[C@H](O)CNCc3cc(ccc3)C(C)C,"COMPND    
REMARK   1 receptor.    BACE1 J.
REMARK   2 name.     J.
REMARK   3 binding energy.    -14.029999732971191 J.
REMARK   4 intermolecular (1).    -16.420000076293945 J.
REMARK   5 electrostatic.    -1.5399999618530273 J.
REMARK   6 ligand fixed.    -16.420000076293945 J.
REMARK   7 ligand moving.    0 J.
REMARK   8 total internal (2).    -1.4800000190734863 J.
REMARK   9 torsional free (3).    2.390000104904175 J.
REMARK   10 unbound systems (4).    -1.4800000190734863 J.
HETATM    9  N   UNK     0      31.141   4.980  13.071 -0.29  0.16           N  
HETATM   21  N   UNK     0      29.678   1.653   8.798 -0.16  0.06           N  
HETATM   25  N   UNK     0      33.075   6.151  15.436 -0.20 -0.62           N  
HETATM    1  C   UNK     0      32.500   4.066   8.663 -0.45  0.00           C  
HETATM    2  C   UNK     0      31.556   3.192   8.283 -0.34  0.00           C  
HETATM    3  C   UNK     0      30.669   2.572   9.170 -0.25 -0.02           C  
HETATM    4  C   UNK     0      30.825   2.914  10.474 -0.41 -0.01           C  
HETATM    5  C   UNK     0      31.771   3.800  10.973 -0.45 -0.02           C  
HETATM    6  C   UNK     0      32.626   4.378   9.987 -0.47  0.00           C  
HETATM    7  C   UNK     0      31.981   4.137  12.361 -0.37 -0.17           C  
HETATM   10  C   UNK     0      30.240   4.984  14.089 -0.48 -0.06           C  
HETATM   11  C   UNK     0      28.934   4.322  13.975 -0.12 -0.02           C  
HETATM   12  C   UNK     0      28.994   2.900  14.552 -0.33 -0.01           C  
HETATM   13  C   UNK     0      29.798   2.095  13.556 -0.48  0.00           C  
HETATM   14  C   UNK     0      27.620   2.323  14.675 -0.51 -0.01           C  
HETATM   15  C   UNK     0      27.594   0.956  14.064 -0.27 -0.03           C  
HETATM   17  C   UNK     0      28.131  -0.367  12.264 -0.42 -0.03           C  
HETATM   18  C   UNK     0      29.351  -0.510  11.333 -0.54  0.00           C  
HETATM   19  C   UNK     0      28.810  -0.315   9.959 -0.48  0.01           C  
HETATM   20  C   UNK     0      28.619   1.105   9.569 -0.33 -0.02           C  
HETATM   22  C   UNK     0      30.736   5.279  15.406 -0.40 -0.18           C  
HETATM   24  C   UNK     0      32.116   5.064  15.806 -0.23 -0.64           C  
HETATM   26  C   UNK     0      33.408   6.716  16.793 -0.22 -0.43           C  
HETATM   27  C   UNK     0      33.030   8.138  16.712 -0.50 -0.01           C  
HETATM   28  C   UNK     0      31.759   8.455  16.257 -0.41  0.00           C  
HETATM   29  C   UNK     0      31.336   9.788  16.287 -0.43  0.01           C  
HETATM   30  C   UNK     0      32.212  10.700  16.780 -0.55  0.00           C  
HETATM   31  C   UNK     0      33.456  10.460  17.234 -0.55  0.00           C  
HETATM   32  C   UNK     0      33.847   9.124  17.184 -0.51  0.00           C  
HETATM   33  C   UNK     0      29.972  10.088  15.765 -0.47 -0.01           C  
HETATM   34  C   UNK     0      28.917   9.278  16.449 -0.43  0.00           C  
HETATM   35  C   UNK     0      29.645  11.544  16.021 -0.65  0.00           C  
HETATM   36  C   UNK     0      33.444   4.716   7.647 -0.38 -0.03           C  
HETATM   38  C   UNK     0      35.691   4.988   7.650 -0.52 -0.03           C  
HETATM    8  O   UNK     0      33.044   3.563  12.871 -0.48  0.22           O  
HETATM   16  O   UNK     0      28.044   0.938  12.749 -0.20  0.14           O  
HETATM   23  O   UNK     0      29.990   5.983  16.312 -0.29  0.17           O  
HETATM   37  O   UNK     0      34.498   5.264   8.318 -0.30  0.07           O  
TER
END",-14.03
BACE_11,CC(C)c3cc(CNC[C@@H](O)[C@@H]2Cc1cc(ccc1)OCCCCCC(=O)N(C)[C@@H](C)C(=O)N2)ccc3,"COMPND    
REMARK   1 receptor.    BACE1 J.
REMARK   2 name.     J.
REMARK   3 binding energy.    -13.470000267028809 J.
REMARK   4 intermolecular (1).    -15.260000228881836 J.
REMARK   5 electrostatic.    -2.359999895095825 J.
REMARK   6 ligand fixed.    -15.260000228881836 J.
REMARK   7 ligand moving.    0 J.
REMARK   8 total internal (2).    -1.159999966621399 J.
REMARK   9 torsional free (3).    1.7899999618530273 J.
REMARK   10 unbound systems (4).    -1.159999966621399 J.
HETATM   17  N   UNK     0      28.395   8.262  17.787 -0.13  0.12           N  
HETATM   23  N   UNK     0      30.371   7.703  15.759 -0.22  0.14           N  
HETATM   27  N   UNK     0      32.173   3.959  15.645 -0.22 -0.92           N  
HETATM    1  C   UNK     0      31.572   7.743  15.001 -0.43 -0.10           C  
HETATM    2  C   UNK     0      32.809   8.178  15.774 -0.55 -0.04           C  
HETATM    3  C   UNK     0      32.396   8.793  17.051 -0.43  0.01           C  
HETATM    4  C   UNK     0      32.304   8.100  18.247 -0.30 -0.01           C  
HETATM    5  C   UNK     0      31.902   8.738  19.425 -0.28 -0.04           C  
HETATM    6  C   UNK     0      31.609  10.083  19.308 -0.41 -0.01           C  
HETATM    7  C   UNK     0      31.671  10.841  18.165 -0.38  0.00           C  
HETATM    8  C   UNK     0      32.079  10.139  17.029 -0.50  0.00           C  
HETATM   10  C   UNK     0      30.836   7.015  20.903 -0.30 -0.07           C  
HETATM   11  C   UNK     0      29.633   7.714  21.481 -0.56 -0.01           C  
HETATM   12  C   UNK     0      28.374   7.215  20.812 -0.45  0.00           C  
HETATM   13  C   UNK     0      27.133   8.079  21.094 -0.36  0.00           C  
HETATM   14  C   UNK     0      26.625   8.491  19.680 -0.22 -0.02           C  
HETATM   15  C   UNK     0      27.929   8.765  18.957 -0.18 -0.08           C  
HETATM   18  C   UNK     0      29.270   7.020  17.915 -0.04 -0.08           C  
HETATM   19  C   UNK     0      28.206   8.668  16.444 -0.26 -0.06           C  
HETATM   20  C   UNK     0      28.548  10.082  16.080 -0.37 -0.01           C  
HETATM   21  C   UNK     0      29.034   7.735  15.519 -0.27 -0.12           C  
HETATM   24  C   UNK     0      31.896   6.258  14.703 -0.38 -0.22           C  
HETATM   26  C   UNK     0      31.888   5.348  15.790 -0.23 -0.52           C  
HETATM   28  C   UNK     0      33.035   3.790  14.445 -0.19 -0.76           C  
HETATM   29  C   UNK     0      32.186   3.363  13.320 -0.51 -0.02           C  
HETATM   30  C   UNK     0      32.652   3.621  12.004 -0.47  0.00           C  
HETATM   31  C   UNK     0      31.998   3.059  10.978 -0.46  0.00           C  
HETATM   32  C   UNK     0      30.887   2.245  11.086 -0.40  0.00           C  
HETATM   33  C   UNK     0      30.439   2.011  12.407 -0.40  0.02           C  
HETATM   34  C   UNK     0      31.096   2.574  13.472 -0.43  0.01           C  
HETATM   35  C   UNK     0      29.320   1.045  12.629 -0.45 -0.01           C  
HETATM   36  C   UNK     0      29.336   0.634  14.113 -0.51  0.00           C  
HETATM   37  C   UNK     0      29.511  -0.159  11.788 -0.51  0.00           C  
HETATM    9  O   UNK     0      31.816   7.999  20.588 -0.31  0.14           O  
HETATM   16  O   UNK     0      28.623   9.611  19.652 -0.16  0.08           O  
HETATM   22  O   UNK     0      28.253   7.186  14.703 -0.32  0.08           O  
HETATM   25  O   UNK     0      31.016   5.863  13.666 -0.32  0.15           O  
TER
END",-13.47
BACE_12,COc4cc1cc(NCCCCc3cccc(C[C@H](NC1=O)[C@H](O)CNCc2cccc(c2)C(C)C)c3)n4,"COMPND    
REMARK   1 receptor.    BACE1 J.
REMARK   2 name.     J.
REMARK   3 binding energy.    -12.739999771118164 J.
REMARK   4 intermolecular (1).    -14.829999923706055 J.
REMARK   5 electrostatic.    0.029999999329447746 J.
REMARK   6 ligand fixed.    -14.829999923706055 J.
REMARK   7 ligand moving.    0 J.
REMARK   8 total internal (2).    -1.1399999856948853 J.
REMARK   9 torsional free (3).    2.0899999141693115 J.
REMARK   10 unbound systems (4).    -1.1399999856948853 J.
HETATM    6  N   UNK     0      30.728   8.821  19.694 -0.22  0.10           N  
HETATM   18  N   UNK     0      29.810   7.587  14.406 -0.27  0.12           N  
HETATM   22  N   UNK     0      32.727   9.109  18.349 -0.27  0.10           N  
HETATM   26  N   UNK     0      32.634   3.944  13.604 -0.34  0.45           N  
HETATM    1  C   UNK     0      33.462   9.174  17.247 -0.38 -0.10           C  
HETATM    2  C   UNK     0      32.781   8.966  16.077 -0.47 -0.03           C  
HETATM    3  C   UNK     0      31.433   8.710  16.065 -0.37 -0.04           C  
HETATM    4  C   UNK     0      30.780   8.666  17.254 -0.29 -0.02           C  
HETATM    5  C   UNK     0      31.412   8.867  18.447 -0.26 -0.08           C  
HETATM    7  C   UNK     0      29.534   9.460  20.090 -0.32 -0.04           C  
HETATM    8  C   UNK     0      28.276   9.010  19.490 -0.29 -0.01           C  
HETATM    9  C   UNK     0      27.333   8.253  20.360 -0.33  0.00           C  
HETATM   10  C   UNK     0      27.400   6.745  20.150 -0.41  0.00           C  
HETATM   11  C   UNK     0      27.351   6.384  18.696 -0.35  0.00           C  
HETATM   12  C   UNK     0      26.181   6.231  18.004 -0.33  0.00           C  
HETATM   13  C   UNK     0      26.131   5.897  16.658 -0.39  0.00           C  
HETATM   14  C   UNK     0      27.365   5.727  16.060 -0.44  0.00           C  
HETATM   15  C   UNK     0      28.561   5.870  16.717 -0.35  0.01           C  
HETATM   16  C   UNK     0      29.808   5.655  15.939 -0.38 -0.04           C  
HETATM   17  C   UNK     0      29.708   6.176  14.525 -0.46 -0.08           C  
HETATM   19  C   UNK     0      30.785   8.502  14.750 -0.29 -0.15           C  
HETATM   21  C   UNK     0      28.530   6.200  18.040 -0.29  0.00           C  
HETATM   23  C   UNK     0      30.719   5.514  13.612 -0.29 -0.13           C  
HETATM   25  C   UNK     0      31.587   4.532  14.362 -0.47 -0.22           C  
HETATM   27  C   UNK     0      32.272   2.872  12.730 -0.41 -0.16           C  
HETATM   28  C   UNK     0      32.303   3.332  11.325 -0.47  0.00           C  
HETATM   29  C   UNK     0      31.127   3.158  10.601 -0.45  0.00           C  
HETATM   30  C   UNK     0      31.071   3.560   9.284 -0.44  0.00           C  
HETATM   31  C   UNK     0      32.172   4.131   8.678 -0.44  0.00           C  
HETATM   32  C   UNK     0      33.342   4.295   9.423 -0.51  0.01           C  
HETATM   33  C   UNK     0      33.409   3.898  10.738 -0.46  0.00           C  
HETATM   34  C   UNK     0      34.568   4.905   8.832 -0.61 -0.01           C  
HETATM   35  C   UNK     0      34.188   5.337   7.426 -0.60  0.00           C  
HETATM   36  C   UNK     0      35.594   3.797   8.745 -0.64  0.00           C  
HETATM   38  C   UNK     0      35.240  10.780  17.219 -0.52 -0.07           C  
HETATM   20  O   UNK     0      31.218   9.302  13.834 -0.41  0.13           O  
HETATM   24  O   UNK     0      29.931   4.705  12.748 -0.36  0.11           O  
HETATM   37  O   UNK     0      34.824   9.428  17.198 -0.26  0.16           O  
TER
END",-12.74
BACE_13,COC[C@H]1CN[C@H](CO1)[C@@H](O)[C@@H]4Cc2cccc(c2)OCCCCNc3cc(COC)cc(c3)C(=O)N4,"COMPND    
REMARK   1 receptor.    BACE1 J.
REMARK   2 name.     J.
REMARK   3 binding energy.    -11.229999542236328 J.
REMARK   4 intermolecular (1).    -13.020000457763672 J.
REMARK   5 electrostatic.    -1.2999999523162842 J.
REMARK   6 ligand fixed.    -13.020000457763672 J.
REMARK   7 ligand moving.    0 J.
REMARK   8 total internal (2).    -1.600000023841858 J.
REMARK   9 torsional free (3).    1.7899999618530273 J.
REMARK   10 unbound systems (4).    -1.600000023841858 J.
HETATM   14  N   UNK     0      26.870   3.012  15.875 -0.17 -0.05           N  
HETATM   23  N   UNK     0      30.706   5.872  13.610 -0.20  0.14           N  
HETATM   31  N   UNK     0      32.995   7.023  14.501 -0.12 -0.39           N  
HETATM    1  C   UNK     0      31.414   4.692  14.050 -0.45 -0.17           C  
HETATM    2  C   UNK     0      32.312   4.142  12.992 -0.54 -0.06           C  
HETATM    3  C   UNK     0      31.580   3.081  12.236 -0.46  0.01           C  
HETATM    4  C   UNK     0      31.646   2.997  10.876 -0.45  0.00           C  
HETATM    5  C   UNK     0      30.981   2.029  10.164 -0.26  0.00           C  
HETATM    6  C   UNK     0      30.219   1.109  10.840 -0.36 -0.01           C  
HETATM    7  C   UNK     0      30.141   1.178  12.209 -0.35 -0.05           C  
HETATM    8  C   UNK     0      30.810   2.147  12.894 -0.43 -0.02           C  
HETATM   10  C   UNK     0      29.401   0.247  14.373 -0.11 -0.12           C  
HETATM   11  C   UNK     0      28.691   1.469  14.927 -0.39 -0.03           C  
HETATM   12  C   UNK     0      27.678   1.884  13.853 -0.30 -0.01           C  
HETATM   13  C   UNK     0      26.501   2.470  14.575 -0.23  0.05           C  
HETATM   15  C   UNK     0      27.410   4.304  16.057 -0.08 -0.01           C  
HETATM   16  C   UNK     0      27.049   5.089  17.120 -0.31  0.00           C  
HETATM   17  C   UNK     0      27.551   6.353  17.335 -0.37  0.00           C  
HETATM   18  C   UNK     0      28.463   6.829  16.417 -0.39  0.00           C  
HETATM   19  C   UNK     0      28.846   6.043  15.324 -0.43 -0.03           C  
HETATM   20  C   UNK     0      28.317   4.784  15.150 -0.39 -0.01           C  
HETATM   21  C   UNK     0      29.816   6.613  14.396 -0.35 -0.14           C  
HETATM   24  C   UNK     0      32.129   4.890  15.363 -0.44 -0.39           C  
HETATM   26  C   UNK     0      32.492   6.312  15.635 -0.31 -0.44           C  
HETATM   27  C   UNK     0      33.273   6.519  16.891 -0.14 -0.26           C  
HETATM   29  C   UNK     0      32.646   8.608  16.284 -0.41 -0.12           C  
HETATM   30  C   UNK     0      33.056   8.431  14.850 -0.31 -0.22           C  
HETATM   32  C   UNK     0      32.535  10.051  16.650 -0.45 -0.08           C  
HETATM   34  C   UNK     0      30.416  10.973  16.548 -0.47 -0.07           C  
HETATM   35  C   UNK     0      27.088   7.111  18.518 -0.26 -0.03           C  
HETATM   37  C   UNK     0      28.716   7.017  20.123 -0.35 -0.06           C  
HETATM    9  O   UNK     0      29.376   0.261  12.953 -0.24  0.16           O  
HETATM   22  O   UNK     0      29.829   7.882  14.316 -0.18  0.15           O  
HETATM   25  O   UNK     0      31.443   4.379  16.437 -0.19  0.45           O  
HETATM   28  O   UNK     0      33.382   7.859  17.171 -0.30  0.29           O  
HETATM   33  O   UNK     0      31.622  10.732  15.881 -0.30  0.14           O  
HETATM   36  O   UNK     0      27.495   6.487  19.707 -0.24  0.06           O  
TER
END",-11.23
BACE_4,C[C@@H]1CCCCCCOCC(=O)N(C)[C@@H](C)C(=O)N[C@@H](C1)[C@H](O)CNC2(CC2)c3cc(ccc3)C(C)(C)C,"COMPND    
REMARK   1 receptor.    BACE1 J.
REMARK   2 name.     J.
REMARK   3 binding energy.    -13.039999961853027 J.
REMARK   4 intermolecular (1).    -14.829999923706055 J.
REMARK   5 electrostatic.    -0.8600000143051147 J.
REMARK   6 ligand fixed.    -14.829999923706055 J.
REMARK   7 ligand moving.    0 J.
REMARK   8 total internal (2).    -1.4199999570846558 J.
REMARK   9 torsional free (3).    1.7899999618530273 J.
REMARK   10 unbound systems (4).    -1.4199999570846558 J.
HETATM   13  N   UNK     0      30.352  10.229  16.438 -0.20  0.13           N  
HETATM   19  N   UNK     0      30.165   6.566  16.401 -0.18  0.17           N  
HETATM   25  N   UNK     0      30.345   4.249  13.835 -0.21 -0.31           N  
HETATM    1  C   UNK     0      28.909   6.508  18.398 -0.09  0.00           C  
HETATM    2  C   UNK     0      27.680   7.123  17.755 -0.36  0.00           C  
HETATM    3  C   UNK     0      26.494   6.336  18.264 -0.37  0.00           C  
HETATM    4  C   UNK     0      26.348   6.648  19.754 -0.37  0.00           C  
HETATM    5  C   UNK     0      27.504   7.475  20.278 -0.38  0.00           C  
HETATM    6  C   UNK     0      27.080   8.833  20.753 -0.32  0.00           C  
HETATM    7  C   UNK     0      28.136   9.885  20.694 -0.31 -0.01           C  
HETATM    8  C   UNK     0      29.212   9.549  19.720 -0.27 -0.04           C  
HETATM   10  C   UNK     0      31.227   9.841  18.835 -0.31 -0.09           C  
HETATM   11  C   UNK     0      31.039  10.623  17.597 -0.33 -0.11           C  
HETATM   14  C   UNK     0      29.455  11.219  15.812 -0.54 -0.06           C  
HETATM   15  C   UNK     0      30.433   8.986  15.736 -0.36 -0.09           C  
HETATM   16  C   UNK     0      31.398   9.171  14.576 -0.59 -0.02           C  
HETATM   17  C   UNK     0      30.910   7.829  16.496 -0.20 -0.19           C  
HETATM   20  C   UNK     0      28.948   6.493  15.755 -0.44 -0.03           C  
HETATM   21  C   UNK     0      27.773   7.218  16.265 -0.39 -0.01           C  
HETATM   22  C   UNK     0      28.944   6.221  14.228 -0.40 -0.08           C  
HETATM   24  C   UNK     0      30.373   5.667  13.995 -0.28 -0.22           C  
HETATM   26  C   UNK     0      31.666   3.951  13.191 -0.32 -0.26           C  
HETATM   27  C   UNK     0      32.674   3.235  13.973 -0.47 -0.08           C  
HETATM   28  C   UNK     0      32.809   4.724  13.797 -0.45 -0.07           C  
HETATM   29  C   UNK     0      31.657   3.761  11.729 -0.47 -0.01           C  
HETATM   30  C   UNK     0      32.844   3.904  10.985 -0.48  0.00           C  
HETATM   31  C   UNK     0      32.759   3.826   9.580 -0.48  0.01           C  
HETATM   32  C   UNK     0      31.576   3.623   8.955 -0.43  0.00           C  
HETATM   33  C   UNK     0      30.418   3.481   9.652 -0.42  0.00           C  
HETATM   34  C   UNK     0      30.473   3.550  11.042 -0.39  0.00           C  
HETATM   35  C   UNK     0      33.994   3.992   8.765 -0.57 -0.01           C  
HETATM   36  C   UNK     0      34.682   5.263   9.222 -0.56  0.00           C  
HETATM   37  C   UNK     0      34.963   2.864   9.004 -0.65  0.00           C  
HETATM   38  C   UNK     0      33.600   4.122   7.344 -0.50  0.00           C  
HETATM    9  O   UNK     0      30.330  10.328  19.810 -0.13  0.11           O  
HETATM   12  O   UNK     0      31.567  11.796  17.580 -0.35  0.13           O  
HETATM   18  O   UNK     0      31.916   7.844  17.194 -0.22  0.21           O  
HETATM   23  O   UNK     0      28.201   4.949  14.228 -0.19  0.04           O  
TER
END",-13.04
BACE_5,CCCC2=CC(CNC[C@@H](O)[C@@H]1C[C@H](C)CCCCCCOCC(=O)N(C)[C@@H](C)C(=O)N1)=NN2,"COMPND    
REMARK   1 receptor.    BACE1 J.
REMARK   2 name.     J.
REMARK   3 binding energy.    -12.15999984741211 J.
REMARK   4 intermolecular (1).    -14.239999771118164 J.
REMARK   5 electrostatic.    -0.2800000011920929 J.
REMARK   6 ligand fixed.    -14.239999771118164 J.
REMARK   7 ligand moving.    0 J.
REMARK   8 total internal (2).    -0.8399999737739563 J.
REMARK   9 torsional free (3).    2.0899999141693115 J.
REMARK   10 unbound systems (4).    -0.8399999737739563 J.
HETATM   15  N   UNK     0      30.964   9.712  16.241 -0.18  0.14           N  
HETATM   21  N   UNK     0      28.467   9.068  18.748 -0.15  0.08           N  
HETATM   25  N   UNK     0      30.411   7.950  21.998 -0.27 -0.10           N  
HETATM   28  N   UNK     0      32.110   5.148  23.227 -0.52  0.07           N  
HETATM   29  N   UNK     0      32.139   4.842  24.542 -0.43  0.06           N  
HETATM    1  C   UNK     0      28.757   7.660  18.925 -0.30 -0.03           C  
HETATM    2  C   UNK     0      28.205   6.746  17.905 -0.37 -0.01           C  
HETATM    3  C   UNK     0      28.775   6.976  16.532 -0.42  0.00           C  
HETATM    4  C   UNK     0      27.822   7.316  15.465 -0.14  0.00           C  
HETATM    5  C   UNK     0      29.702   5.842  16.242 -0.36  0.00           C  
HETATM    6  C   UNK     0      29.598   5.423  14.808 -0.53  0.00           C  
HETATM    7  C   UNK     0      30.462   4.178  14.638 -0.51  0.00           C  
HETATM    8  C   UNK     0      31.798   4.479  15.311 -0.60 -0.01           C  
HETATM    9  C   UNK     0      32.634   5.242  14.320 -0.54 -0.05           C  
HETATM   10  C   UNK     0      33.071   6.570  14.853 -0.38 -0.21           C  
HETATM   12  C   UNK     0      32.584   7.818  16.740 -0.34 -0.19           C  
HETATM   13  C   UNK     0      31.823   8.669  15.798 -0.32 -0.16           C  
HETATM   16  C   UNK     0      30.507  10.716  15.323 -0.54 -0.06           C  
HETATM   17  C   UNK     0      30.531   9.789  17.623 -0.30 -0.07           C  
HETATM   18  C   UNK     0      31.141  11.099  18.175 -0.50 -0.01           C  
HETATM   19  C   UNK     0      29.077   9.861  17.749 -0.22 -0.11           C  
HETATM   22  C   UNK     0      28.822   7.224  20.314 -0.33 -0.08           C  
HETATM   24  C   UNK     0      29.174   8.352  21.254 -0.31 -0.11           C  
HETATM   26  C   UNK     0      30.567   6.501  21.685 -0.37 -0.13           C  
HETATM   27  C   UNK     0      31.072   5.941  23.002 -0.49 -0.04           C  
HETATM   30  C   UNK     0      31.126   5.432  25.175 -0.56 -0.03           C  
HETATM   31  C   UNK     0      30.426   6.149  24.201 -0.32 -0.01           C  
HETATM   32  C   UNK     0      30.798   5.340  26.609 -0.69 -0.02           C  
HETATM   33  C   UNK     0      30.809   6.688  27.246 -0.80  0.00           C  
HETATM   34  C   UNK     0      32.163   7.318  27.360 -0.87  0.00           C  
HETATM   11  O   UNK     0      33.030   6.649  16.212 -0.32  0.48           O  
HETATM   14  O   UNK     0      31.962   8.443  14.552 -0.38  0.16           O  
HETATM   20  O   UNK     0      28.496  10.629  16.958 -0.29  0.11           O  
HETATM   23  O   UNK     0      27.728   6.503  20.790 -0.31  0.05           O  
TER
END",-12.16
BACE_6,CCN2CCCCC[C@@H](C)C[C@H](NC(=O)c1cc(ccc1)C2=O)[C@H](O)CNCc3cc(ccc3)C(C)C,"COMPND    
REMARK   1 receptor.    BACE1 J.
REMARK   2 name.     J.
REMARK   3 binding energy.    -14.050000190734863 J.
REMARK   4 intermolecular (1).    -16.139999389648438 J.
REMARK   5 electrostatic.    -2.130000114440918 J.
REMARK   6 ligand fixed.    -16.139999389648438 J.
REMARK   7 ligand moving.    0 J.
REMARK   8 total internal (2).    -1.7599999904632568 J.
REMARK   9 torsional free (3).    2.0899999141693115 J.
REMARK   10 unbound systems (4).    -1.7599999904632568 J.
HETATM    1  N   UNK     0      28.599   8.452  19.303 -0.11  0.11           N  
HETATM   11  N   UNK     0      30.198   6.411  14.271 -0.32  0.13           N  
HETATM   25  N   UNK     0      32.227   4.073  15.322 -0.28 -0.84           N  
HETATM    2  C   UNK     0      29.983   8.071  19.093 -0.25 -0.05           C  
HETATM    3  C   UNK     0      30.933   9.230  19.306 -0.44 -0.01           C  
HETATM    4  C   UNK     0      30.966  10.177  18.142 -0.47  0.00           C  
HETATM    5  C   UNK     0      32.393  10.593  17.774 -0.51  0.00           C  
HETATM    6  C   UNK     0      32.675   9.928  16.435 -0.60  0.00           C  
HETATM    7  C   UNK     0      32.522   8.447  16.463 -0.53  0.00           C  
HETATM    8  C   UNK     0      33.058   7.768  17.682 -0.51  0.00           C  
HETATM    9  C   UNK     0      31.254   7.899  15.945 -0.44 -0.02           C  
HETATM   10  C   UNK     0      31.351   7.139  14.652 -0.41 -0.10           C  
HETATM   12  C   UNK     0      29.403   5.458  14.877 -0.34 -0.17           C  
HETATM   14  C   UNK     0      28.341   5.696  15.877 -0.39 -0.02           C  
HETATM   15  C   UNK     0      28.452   6.593  16.900 -0.37  0.00           C  
HETATM   16  C   UNK     0      27.427   6.766  17.784 -0.32 -0.01           C  
HETATM   17  C   UNK     0      26.276   6.039  17.649 -0.35  0.00           C  
HETATM   18  C   UNK     0      26.087   5.121  16.652 -0.37  0.00           C  
HETATM   19  C   UNK     0      27.164   5.004  15.803 -0.44  0.00           C  
HETATM   20  C   UNK     0      27.470   7.708  18.909 -0.19 -0.06           C  
HETATM   22  C   UNK     0      32.645   6.343  14.579 -0.33 -0.27           C  
HETATM   24  C   UNK     0      32.654   5.374  15.733 -0.22 -0.65           C  
HETATM   26  C   UNK     0      33.042   3.621  14.218 -0.27 -0.70           C  
HETATM   27  C   UNK     0      32.186   3.157  13.119 -0.50 -0.02           C  
HETATM   28  C   UNK     0      31.284   2.149  13.322 -0.43  0.01           C  
HETATM   29  C   UNK     0      30.461   1.696  12.286 -0.40  0.02           C  
HETATM   30  C   UNK     0      30.575   2.280  11.065 -0.39  0.00           C  
HETATM   31  C   UNK     0      31.481   3.308  10.820 -0.47  0.00           C  
HETATM   32  C   UNK     0      32.281   3.729  11.878 -0.49  0.00           C  
HETATM   33  C   UNK     0      29.508   0.617  12.539 -0.47 -0.01           C  
HETATM   34  C   UNK     0      28.524   0.942  13.632 -0.51  0.00           C  
HETATM   35  C   UNK     0      28.841   0.096  11.298 -0.51  0.00           C  
HETATM   36  C   UNK     0      28.389   9.722  19.987 -0.27 -0.03           C  
HETATM   37  C   UNK     0      27.756  10.754  19.064 -0.26 -0.01           C  
HETATM   13  O   UNK     0      29.464   4.187  14.657 -0.30  0.23           O  
HETATM   21  O   UNK     0      26.411   7.898  19.618 -0.14  0.04           O  
HETATM   23  O   UNK     0      33.762   7.164  14.570 -0.41  0.30           O  
TER
END",-14.05
BACE_7,CC(C)c5cc(CNC[C@@H](O)[C@@H]4C[C@H](C)CCCCCN([C@H](C)c1ccccc1)C(=O)c2cc(cc(c2)C3=NC=CO3)C(=O)N4)ccc5,"COMPND    
REMARK   1 receptor.    BACE1 J.
REMARK   2 name.     J.
REMARK   3 binding energy.    -13.789999961853027 J.
REMARK   4 intermolecular (1).    -16.479999542236328 J.
REMARK   5 electrostatic.    -0.5 J.
REMARK   6 ligand fixed.    -16.479999542236328 J.
REMARK   7 ligand moving.    0 J.
REMARK   8 total internal (2).    -1.4199999570846558 J.
REMARK   9 torsional free (3).    2.680000066757202 J.
REMARK   10 unbound systems (4).    -1.4199999570846558 J.
HETATM   10  N   UNK     0      30.466   4.254  14.753 -0.22  0.39           N  
HETATM   21  N   UNK     0      29.898   7.995  18.555 -0.13  0.13           N  
HETATM   25  N   UNK     0      28.514  11.983  16.952 -0.29 -0.15           N  
HETATM   37  N   UNK     0      23.748   6.466  16.803 -0.19 -0.08           N  
HETATM    1  C   UNK     0      30.210   9.071  17.630 -0.27 -0.06           C  
HETATM    2  C   UNK     0      29.612   8.905  16.275 -0.41 -0.01           C  
HETATM    3  C   UNK     0      30.688   8.941  15.199 -0.49  0.00           C  
HETATM    4  C   UNK     0      30.428   7.859  14.176 -0.17  0.00           C  
HETATM    5  C   UNK     0      32.006   8.659  15.904 -0.53  0.00           C  
HETATM    6  C   UNK     0      31.939   7.288  16.495 -0.39  0.00           C  
HETATM    7  C   UNK     0      33.110   6.417  16.169 -0.46  0.00           C  
HETATM    8  C   UNK     0      32.632   5.190  15.429 -0.49 -0.05           C  
HETATM    9  C   UNK     0      31.205   4.926  15.824 -0.34 -0.16           C  
HETATM   11  C   UNK     0      29.055   4.321  14.683 -0.27 -0.18           C  
HETATM   13  C   UNK     0      28.241   5.184  15.574 -0.38 -0.02           C  
HETATM   14  C   UNK     0      28.858   5.812  16.635 -0.34 -0.01           C  
HETATM   15  C   UNK     0      28.078   6.612  17.451 -0.33 -0.02           C  
HETATM   16  C   UNK     0      26.736   6.764  17.197 -0.33  0.00           C  
HETATM   17  C   UNK     0      26.133   6.132  16.134 -0.38  0.01           C  
HETATM   18  C   UNK     0      26.901   5.335  15.318 -0.45  0.00           C  
HETATM   19  C   UNK     0      28.648   7.321  18.613 -0.21 -0.11           C  
HETATM   22  C   UNK     0      29.909  10.433  18.240 -0.28 -0.08           C  
HETATM   24  C   UNK     0      29.844  11.501  17.167 -0.31 -0.14           C  
HETATM   26  C   UNK     0      28.104  12.953  17.954 -0.19 -0.10           C  
HETATM   27  C   UNK     0      27.040  13.842  17.432 -0.48  0.00           C  
HETATM   28  C   UNK     0      25.883  13.323  16.865 -0.37  0.00           C  
HETATM   29  C   UNK     0      24.916  14.161  16.391 -0.33  0.00           C  
HETATM   30  C   UNK     0      25.085  15.535  16.477 -0.27  0.00           C  
HETATM   31  C   UNK     0      26.228  16.066  17.038 -0.39  0.00           C  
HETATM   32  C   UNK     0      27.194  15.205  17.509 -0.50  0.00           C  
HETATM   33  C   UNK     0      26.358  17.542  17.103 -0.45  0.00           C  
HETATM   34  C   UNK     0      25.023  18.238  17.049 -0.27  0.00           C  
HETATM   35  C   UNK     0      27.330  18.038  16.072 -0.52  0.00           C  
HETATM   36  C   UNK     0      24.696   6.313  15.884 -0.21  0.07           C  
HETATM   38  C   UNK     0      22.546   6.604  16.168 -0.20  0.05           C  
HETATM   39  C   UNK     0      22.841   6.524  14.819 -0.25  0.06           C  
HETATM   41  C   UNK     0      31.271   3.528  13.787 -0.46 -0.14           C  
HETATM   42  C   UNK     0      31.706   4.401  12.632 -0.49 -0.02           C  
HETATM   43  C   UNK     0      30.541   2.353  13.216 -0.43  0.00           C  
HETATM   44  C   UNK     0      30.407   2.194  11.855 -0.40  0.00           C  
HETATM   45  C   UNK     0      29.731   1.106  11.359 -0.39  0.00           C  
HETATM   46  C   UNK     0      29.169   0.149  12.193 -0.44  0.00           C  
HETATM   47  C   UNK     0      29.305   0.315  13.545 -0.39  0.00           C  
HETATM   48  C   UNK     0      29.984   1.406  14.039 -0.21  0.00           C  
HETATM   12  O   UNK     0      28.467   3.616  13.828  0.07  0.11           O  
HETATM   20  O   UNK     0      27.959   7.302  19.695 -0.22  0.07           O  
HETATM   23  O   UNK     0      28.614  10.326  18.791 -0.21  0.07           O  
HETATM   40  O   UNK     0      24.152   6.347  14.706 -0.31 -0.15           O  
TER
END",-13.79
BACE_9,COCc1cc2cc(c1)C(=O)N[C@@H](C[C@H](C)CCCCCCCN2)[C@H](O)CNCc3cc(ccc3)C(C)C,"COMPND    
REMARK   1 receptor.    BACE1 J.
REMARK   2 name.     J.
REMARK   3 binding energy.    -13.029999732971191 J.
REMARK   4 intermolecular (1).    -15.420000076293945 J.
REMARK   5 electrostatic.    0.009999999776482582 J.
REMARK   6 ligand fixed.    -15.420000076293945 J.
REMARK   7 ligand moving.    0 J.
REMARK   8 total internal (2).    -1.0199999809265137 J.
REMARK   9 torsional free (3).    2.390000104904175 J.
REMARK   10 unbound systems (4).    -1.0199999809265137 J.
HETATM    9  N   UNK     0      28.382   6.481  15.372 -0.31  0.07           N  
HETATM   21  N   UNK     0      27.465  10.286  20.113 -0.15  0.07           N  
HETATM   25  N   UNK     0      31.057   4.322  11.967 -0.29  0.15           N  
HETATM    1  C   UNK     0      29.193  10.761  16.796 -0.48  0.00           C  
HETATM    2  C   UNK     0      28.590  11.022  18.018 -0.35 -0.01           C  
HETATM    3  C   UNK     0      27.978  10.066  18.776 -0.18 -0.03           C  
HETATM    4  C   UNK     0      27.943   8.787  18.327 -0.21 -0.01           C  
HETATM    5  C   UNK     0      28.541   8.458  17.102 -0.30 -0.02           C  
HETATM    6  C   UNK     0      29.117   9.472  16.430 -0.39  0.00           C  
HETATM    7  C   UNK     0      28.718   7.090  16.628 -0.30 -0.09           C  
HETATM   10  C   UNK     0      29.372   6.265  14.332 -0.52 -0.03           C  
HETATM   11  C   UNK     0      30.577   7.106  14.320 -0.40 -0.03           C  
HETATM   12  C   UNK     0      31.478   7.020  15.534 -0.49 -0.01           C  
HETATM   13  C   UNK     0      32.377   5.807  15.474 -0.57  0.00           C  
HETATM   14  C   UNK     0      32.170   8.268  15.881 -0.54  0.00           C  
HETATM   15  C   UNK     0      32.501   8.611  17.260 -0.51  0.00           C  
HETATM   16  C   UNK     0      31.706   8.073  18.367 -0.16  0.00           C  
HETATM   17  C   UNK     0      31.156   9.070  19.362 -0.47  0.00           C  
HETATM   18  C   UNK     0      30.057   8.431  20.184 -0.44  0.00           C  
HETATM   19  C   UNK     0      29.414   9.342  21.189 -0.46 -0.01           C  
HETATM   20  C   UNK     0      27.897   9.317  21.174 -0.26 -0.04           C  
HETATM   22  C   UNK     0      29.462   4.878  13.838 -0.32 -0.12           C  
HETATM   24  C   UNK     0      30.858   4.597  13.302 -0.45 -0.09           C  
HETATM   26  C   UNK     0      32.275   3.514  11.706 -0.44 -0.11           C  
HETATM   27  C   UNK     0      32.407   3.742  10.211 -0.50  0.00           C  
HETATM   28  C   UNK     0      33.744   4.127   9.932 -0.51  0.00           C  
HETATM   29  C   UNK     0      34.099   4.417   8.660 -0.51  0.01           C  
HETATM   30  C   UNK     0      33.171   4.332   7.687 -0.43  0.00           C  
HETATM   31  C   UNK     0      31.854   3.955   7.951 -0.39  0.00           C  
HETATM   32  C   UNK     0      31.458   3.647   9.271 -0.44  0.00           C  
HETATM   33  C   UNK     0      35.528   4.825   8.415 -0.65  0.00           C  
HETATM   34  C   UNK     0      36.420   3.585   8.562 -0.69  0.00           C  
HETATM   35  C   UNK     0      35.677   5.232   6.938 -0.69  0.00           C  
HETATM   36  C   UNK     0      29.861  11.790  15.975 -0.42 -0.07           C  
HETATM   38  C   UNK     0      31.921  11.474  16.854 -0.41 -0.07           C  
HETATM    8  O   UNK     0      29.292   6.341  17.545 -0.18  0.12           O  
HETATM   23  O   UNK     0      29.291   3.950  14.936 -0.29  0.20           O  
HETATM   37  O   UNK     0      31.165  11.381  15.670 -0.33  0.13           O  
TER
END",-13.03