HELM,Activity
PEPTIDE1{meI.hHis.Aca.N.T.dE.Thr_PO3H2.Aca.D-Tyr_Et.Tyr_ab-dehydroMe.dV.E.N.D-Orn.D-aThr.Phe_4Me}$$$$,5.307510973968128
PEPTIDE1{meI.hHis.Aca.Cys_SEt.T.dK.Thr_PO3H2.Aca.Tyr_PO3H2.D-Chg.dV.Phe_ab-dehydro.N.D-Orn.D-aThr.Phe_4Me}$$$$,5.723876853431544
PEPTIDE1{Lys_Boc.hHis.Aca.Cys_SEt.T.dK.Thr_PO3H2.Aca.Tyr_PO3H2.D-Chg.dV.Thr_PO3H2.N.D-Orn.D-aThr.Phe_4Me}$$$$,5.185811246022437
PEPTIDE1{meI.hHis.Aca.Cys_SEt.T.dK.Thr_PO3H2.Aca.Tyr_PO3H2.D-Chg.dV.Thr_PO3H2.N.D-Orn.D-aThr.Phe_4Me}$$$$,6.223502390804369
PEPTIDE1{meI.hHis.Aca.N.T.dK.Thr_PO3H2.Aca.D-Tyr_Et.Tyr_ab-dehydroMe.dV.Chg.N.D-Orn.D-aThr.Phe_4Me}$$$$,3.8459123763832412
PEPTIDE1{meI.hHis.Aca.N.T.dK.Thr_PO3H2.Aca.D-Tyr_Et.Tyr_Bn.dV.E.N.dV.Phe_4Me}$$$$,3.27920438824657
PEPTIDE1{meI.hHis.Aca.N.T.dK.Thr_PO3H2.Aca.D-Tyr_Et.Aze.dV.E.N.dV.Phe_4Me}$$$$,2.105852152992568
PEPTIDE1{meI.hHis.Aca.N.T.dK.Thr_PO3H2.Aca.D-Tyr_Et.meQ.dV.E.N.dV.Phe_4Me}$$$$,1.803695001649272
PEPTIDE1{meI.hHis.Aca.N.T.dK.Thr_PO3H2.Aca.Oic_3aS-7aS.D-Chg.dV.E.N.D-Orn.D-aThr.Phe_4Me}$$$$,6.388060283612089
PEPTIDE1{meI.hHis.Aca.N.T.dK.Thr_PO3H2.Aca.meM.D-Chg.dV.E.N.D-Orn.D-aThr.Phe_4Me}$$$$,4.441650643304338
PEPTIDE1{meI.hHis.Aca.N.T.dK.Thr_PO3H2.Aca.Oic_3aS-7aS.Tyr_ab-dehydroMe.dV.E.N.D-Orn.D-aThr.Phe_4Me}$$$$,5.328568793615419
PEPTIDE1{meI.hHis.Aca.N.T.dK.Thr_PO3H2.Aca.meM.Tyr_ab-dehydroMe.dV.E.N.D-Orn.D-aThr.Phe_4Me}$$$$,4.706370986330997
PEPTIDE1{meI.hHis.Aca.N.T.dK.Thr_PO3H2.Aca.D-Tyr_Et.D-Dap.dV.E.N.pnG.Phe_4Me}$$$$,3.5158193717582606
PEPTIDE1{meI.Aca.N.T.dK.Thr_PO3H2.Aca.D-Tyr_Et.Tyr_ab-dehydroMe.dV.D-Cit.N.D-Orn.D-aThr.Phe_4Me}$$$$,5.02343754786036
PEPTIDE1{meI.Aca.N.T.dK.Thr_PO3H2.Aca.D-Tyr_Et.Tyr_ab-dehydroMe.dV.meL.N.D-Orn.D-aThr.Phe_4Me}$$$$,6.383592441897594
PEPTIDE1{meI.Aca.N.T.dK.Thr_PO3H2.Aca.D-Tyr_Et.Tyr_ab-dehydroMe.dV.Dsu.N.D-Orn.D-aThr.Phe_4Me}$$$$,5.066021722258176
PEPTIDE1{meI.T.dK.Thr_PO3H2.D-Thz.D-Tyr_Et.Tyr_ab-dehydroMe.dV.D-Thz.N.D-Orn.D-aThr.Thz.Phe_4Me}$$$$,5.057130708189651
PEPTIDE1{meI.Aca.N.T.dK.Thr_PO3H2.Aca.D-Tyr_Et.Tyr_ab-dehydroMe.dV.dE.N.D-Orn.D-aThr.Phe_4Me}$$$$,4.976969805371438
PEPTIDE1{meI.Aca.N.T.dK.Thr_PO3H2.Aca.D-Tyr_Et.Tyr_ab-dehydroMe.dV.meF.N.D-Orn.D-aThr.Phe_4Me}$$$$,5.347301695761228
PEPTIDE1{meI.dK.Thr_PO3H2.D-Thz.D-Tyr_Et.Tyr_ab-dehydroMe.dV.D-Thz.N.D-Orn.D-aThr.Phe_4Me}$$$$,5.5150849238673825
PEPTIDE1{meI.hHis.Aca.N.T.dK.Thr_PO3H2.Aca.D-Tyr_Et.Lys_Boc.dV.E.N.dV.Phe_4Me}$$$$,1.8699946389732889
PEPTIDE1{meI.Aca.N.T.dK.Thr_PO3H2.Aca.D-Tyr_Et.Tyr_ab-dehydroMe.dV.Tyr_tBu.N.D-Orn.D-aThr.Phe_4Me}$$$$,5.657805164488263
PEPTIDE1{meI.Aca.N.T.dK.Thr_PO3H2.Aca.D-Tyr_Et.Tyr_ab-dehydroMe.dV.pnA.N.D-Orn.D-aThr.Phe_4Me}$$$$,5.557834432442726
PEPTIDE1{meI.Aca.N.T.dK.Thr_PO3H2.Aca.D-Tyr_Et.Tyr_ab-dehydroMe.dV.D-Thz.N.D-Orn.D-aThr.Phe_4Me}$$$$,6.21246107327475
PEPTIDE1{meI.Aca.N.T.dK.Thr_PO3H2.Aca.D-Tyr_Et.Tyr_ab-dehydroMe.dV.D-2Pal.N.D-Orn.D-aThr.Phe_4Me}$$$$,6.578107491703088
PEPTIDE1{meI.T.dK.Thr_PO3H2.D-Thz.D-Tyr_Et.Tyr_ab-dehydroMe.dV.D-Thz.N.D-Orn.D-Nle.Phe_4Me}$$$$,6.939333724311172
PEPTIDE1{meI.dK.Thr_PO3H2.D-Thz.D-Tyr_Et.Tyr_ab-dehydroMe.dV.D-Thz.N.D-Orn.D-Nle.Phe_4Me}$$$$,5.143397947168992
PEPTIDE1{meI.Aca.N.T.dK.Thr_PO3H2.Aca.D-Tyr_Et.Tyr_ab-dehydroMe.Phe_4NO2.Thr_PO3H2.N.D-Orn.D-aThr.Phe_4Me}$$$$,5.908183220162594
PEPTIDE1{meI.Aca.N.T.dK.Thr_PO3H2.Aca.D-Tyr_Et.Tyr_ab-dehydroMe.dV.Trp_Me.N.D-Orn.D-aThr.Phe_4Me}$$$$,5.155038345996559
PEPTIDE1{meI.hHis.Aca.N.T.dK.Thr_PO3H2.Aca.D-Tyr_Et.Tyr_ab-dehydroMe.dV.Thr_PO3H2.N.D-Orn.D-Nle.Phe_4Me}$$$$,5.331490564388867
PEPTIDE1{dD.hHis.Aca.N.T.dK.Thr_PO3H2.Aca.D-Tyr_Et.Tyr_ab-dehydroMe.dV.Trp_Me.N.D-Orn.D-aThr.Phe_4Me}$$$$,6.14883641718405
PEPTIDE1{hPhe.hHis.Aca.N.T.dK.Thr_PO3H2.Aca.D-Tyr_Et.Tyr_ab-dehydroMe.dV.Phe_ab-dehydro.N.D-Orn.D-aThr.Phe_4Me}$$$$,6.404263219250927
PEPTIDE1{dI.hHis.Aca.N.T.dK.Thr_PO3H2.Aca.D-Tyr_Et.Tyr_ab-dehydroMe.dV.Thz.N.D-Orn.D-aThr.Phe_4Me}$$$$,4.574593367715919
PEPTIDE1{D-Tic.Hcy.N.T.dK.Thr_PO3H2.Phe_4NH2.D-Tyr_Et.Tyr_ab-dehydroMe.dV.Cys_SEt.N.D-2Pal.D-aThr.Phe_4Me}$$$$,5.756700615486439
PEPTIDE1{meI.Aca.N.T.dK.Thr_PO3H2.Aca.D-Tyr_Et.Tyr_ab-dehydroMe.dV.Tyr_Bn.N.D-Orn.D-aThr.Phe_4Me}$$$$,5.298101088868993
PEPTIDE1{meI.Aca.N.T.dK.Thr_PO3H2.Aca.D-Tyr_Et.Tyr_ab-dehydroMe.dV.D-hArg.N.D-Orn.D-aThr.Phe_4Me}$$$$,5.94887082693357
PEPTIDE1{meI.Aca.N.T.dK.Thr_PO3H2.Aca.D-Tyr_Et.Tyr_ab-dehydroMe.4Abz.Thr_PO3H2.N.D-Orn.D-aThr.Phe_4Me}$$$$,6.05301050084853
PEPTIDE1{meI.Aca.N.T.dK.Thr_PO3H2.Aca.D-Tyr_Et.Tyr_ab-dehydroMe.dV.D-Pip.N.D-Orn.D-aThr.Phe_4Me}$$$$,5.586732792067085
PEPTIDE1{meI.Aca.N.T.dK.Thr_PO3H2.Aca.D-Tyr_Et.Tyr_ab-dehydroMe.dV.dK.N.D-Orn.D-aThr.Phe_4Me}$$$$,6.603283223739094
PEPTIDE1{meI.Aca.N.T.dK.Thr_PO3H2.Aca.D-Tyr_Et.Tyr_ab-dehydroMe.dV.D-Phg.N.D-Orn.D-aThr.Phe_4Me}$$$$,6.212154077981714
PEPTIDE1{meI.Aca.N.T.dK.Thr_PO3H2.Aca.D-Tyr_Et.Tyr_ab-dehydroMe.dV.Gly_allyl.N.D-Orn.D-aThr.Phe_4Me}$$$$,5.7373886487760215
PEPTIDE1{meI.T.dK.Thr_PO3H2.D-Thz.D-Tyr_Et.Tyr_ab-dehydroMe.dV.D-Thz.N.D-Orn.Oic_3aR-7aS.Phe_4Me}$$$$,3.5218296183361497
PEPTIDE1{Oic_3axi-7axi.Aca.N.T.dK.Thr_PO3H2.Aca.D-Tyr_Et.Tyr_ab-dehydroMe.dV.Cys_SEt.N.D-2Pal.D-aThr.Phe_4Me}$$$$,4.949216539931744
PEPTIDE1{meI.hHis.Trp_Ome.N.T.dK.Thr_PO3H2.D-Hyp.D-Tyr_Et.Tyr_ab-dehydroMe.dV.E.N.D-Orn.D-aThr.Phe_4Me}$$$$,5.580586175777752
PEPTIDE1{meI.hHis.Aca.N.T.dK.Thr_PO3H2.Aca.D-Tyr_Et.Tyr_ab-dehydroMe.dV.Thz.N.D-Orn.D-aThr.Phe_4Me}$$$$,6.149752023372422
PEPTIDE1{meI.hHis.Aca.N.T.dK.Thr_PO3H2.Aca.D-Tyr_Et.Tyr_ab-dehydroMe.dV.Phe_ab-dehydro.N.D-Orn.D-aThr.Phe_4Me}$$$$,6.934468694410901
PEPTIDE1{meI.hHis.Aca.N.T.dK.Thr_PO3H2.Aca.Met_O.Tyr_ab-dehydroMe.dV.Thr_PO3H2.N.D-Orn.D-aThr.Phe_4Me}$$$$,4.864073937338368
PEPTIDE1{meI.hHis.Aca.N.T.dK.Thr_PO3H2.Aca.His_1Me.Tyr_ab-dehydroMe.dV.Thr_PO3H2.N.D-Orn.D-aThr.Phe_4Me}$$$$,4.718001260401629
PEPTIDE1{meI.D-Thz.dK.Thr_PO3H2.NMe2Abz.D-Tyr_Et.Tyr_ab-dehydroMe.dV.NMe2Abz.N.D-Orn.D-aThr.Phe_4Me}$$$$,6.209506569209562
PEPTIDE1{D-Bmt.Hcy.N.T.W.Q.Phe_4NH2.Tyr_PO3H2.Tyr_ab-dehydroMe.dV.Cys_SEt.N.D-Orn.D-aThr.Phe_4Me}$$$$,3.8132229136946103
PEPTIDE1{aHyp.Hcy.N.T.W.Q.Phe_4NH2.D-Tyr_Et.Tyr_ab-dehydroMe.dV.Cys_SEt.N.D-Orn.D-aThr.Phe_4Me}$$$$,7.903687527320355
PEPTIDE1{meI.aMePro.Hcy.N.T.W.Q.Phe_4NH2.D-Tyr_Et.Tyr_ab-dehydroMe.dV.Aad.N.D-Orn.D-aThr.Phe_4Me}$$$$,7.392223432328293
PEPTIDE1{meI.hHis.Aca.N.T.dK.Thr_PO3H2.Aca.D-Tyr_Et.Tyr_ab-dehydroMe.dV.E.N.A.D-aThr.Phe_4Me}$$$$,3.8863652994032436
PEPTIDE1{meI.hHis.Aca.N.T.Tyr_Me.Thr_PO3H2.Aca.D-Tyr_Et.Tyr_ab-dehydroMe.dV.E.N.dV.Phe_4Me}$$$$,4.669745889611665
PEPTIDE1{hHis.Aca.N.T.dK.Thr_PO3H2.Aca.seC.Tyr_ab-dehydroMe.dV.E.N.D-Orn.D-aThr.Phe_4Me}$$$$,6.388147612019664
PEPTIDE1{meI.hHis.Aca.N.T.dK.Thr_PO3H2.Aca.D-Tyr_Et.Thr_PO3H2.dV.E.N.pnG.Phe_4Me}$$$$,3.3831811660724482
PEPTIDE1{meI.hHis.Aca.N.T.dK.Thr_PO3H2.Aca.D-Tyr_Et.D-Chg.dV.E.N.D-aMeAbu.D-aThr.Phe_4Me}$$$$,3.5930940358600205
PEPTIDE1{meI.hHis.Aca.N.T.dK.Thr_PO3H2.Aca.D-Tyr_Et.Tyr_ab-dehydroMe.dV.E.N.Thz.D-aThr.Phe_4Me}$$$$,2.8794594111391802
PEPTIDE1{meI.hHis.Aca.N.T.dK.Thr_PO3H2.Aca.D-Tyr_Et.D-Chg.dV.E.N.3Abz.D-aThr.Phe_4Me}$$$$,7.6025295929287005
PEPTIDE1{meI.hHis.Aca.N.T.dK.Thr_PO3H2.Aca.D-Tyr_Et.Tyr_ab-dehydroMe.dV.E.N.meM.Phe_4Me}$$$$,2.984720585493924
PEPTIDE1{D-Phg.hHis.Aca.N.T.dK.Thr_PO3H2.Aca.seC.Tyr_ab-dehydroMe.dV.E.N.D-Orn.D-aThr.Phe_4Me}$$$$,6.270536859755011
PEPTIDE1{meI.hHis.Aca.N.T.dK.Thr_PO3H2.Aca.D-Tyr_Et.A.dV.E.N.D-Orn.D-aThr.Phe_4Me}$$$$,2.728029908415741
PEPTIDE1{meI.hHis.Aca.N.T.dK.Thr_PO3H2.Aca.A.Tyr_ab-dehydroMe.dV.E.N.D-Orn.D-aThr.Phe_4Me}$$$$,3.7196639442507333
PEPTIDE1{meI.dE.Aca.N.T.dK.Thr_PO3H2.Aca.D-Tyr_Et.Tyr_ab-dehydroMe.dV.D-Thz.N.D-Orn.D-aThr.Phe_4Me}$$$$,5.063728926550734
PEPTIDE1{meI.Pip.dK.Thr_PO3H2.pnT.D-Tyr_Et.Tyr_ab-dehydroMe.dV.Cys_SEt.N.D-Orn.D-aThr.Phe_4Me}$$$$,4.588981348422721
PEPTIDE1{meI.D-2Thi.Aca.N.T.dK.Thr_PO3H2.Aca.D-Tyr_Et.Tyr_ab-dehydroMe.dV.Thr_PO3H2.N.D-Orn.D-aThr.Phe_4Me}$$$$,5.498092811954772
PEPTIDE1{meI.dE.Aca.N.T.dK.Thr_PO3H2.Aca.D-Tyr_Et.Tyr_ab-dehydroMe.dV.D-Thz.N.D-Orn.D-aThr.Phe_4Me}$$$$,6.530409397097947
PEPTIDE1{meI.D-Hyp.N.T.dK.Thr_PO3H2.Trp_Ome.D-Tyr_Et.Tyr_ab-dehydroMe.dV.E.N.D-Orn.D-aThr.Phe_4Me}$$$$,3.0707953636156904
"PEPTIDE1{meI.Pip.dK.Thr_PO3H2.[L-hArg(Et,Et)].D-Tyr_Et.Tyr_ab-dehydroMe.dV.E.N.D-Orn.D-aThr.Phe_4Me}$$$$",4.446288741243438
PEPTIDE1{meI.T.dK.Thr_PO3H2.D-Thz.D-Tyr_Et.Tyr_ab-dehydroMe.dV.D-Thz.N.D-Orn.xiHyp.Phe_4Me}$$$$,6.323600736629789
PEPTIDE1{meI.1Nal.Aca.N.T.dK.Thr_PO3H2.Aca.D-Tyr_Et.Tyr_ab-dehydroMe.dV.Thr_PO3H2.N.D-Orn.D-aThr.Phe_4Me}$$$$,5.908457627999418
PEPTIDE1{meI.hHis.Aca.N.T.dK.Thr_PO3H2.Aca.D-Tyr_Et.Phe_4Sdihydroorotamido.dV.E.N.dV.Phe_4Me}$$$$,2.470202136498731
PEPTIDE1{meI.Aca.N.T.W.Thr_PO3H2.Aca.D-Tyr_Et.Tyr_ab-dehydroMe.dV.Thr_PO3H2.N.D-Orn.D-aThr.Phe_4Me}$$$$,5.846328044550292
PEPTIDE1{meI.hHis.D-Hyp.N.T.dK.Thr_PO3H2.Trp_Ome.D-Tyr_Et.Tyr_ab-dehydroMe.dV.E.N.D-Orn.D-aThr.Phe_4Me}$$$$,4.390019041293642
PEPTIDE1{meI.hHis.D-Thz.N.Pip.dK.Thr_PO3H2.D-Thz.D-Tyr_Et.Tyr_ab-dehydroMe.dV.D-Thz.N.D-Orn.D-aThr.Phe_4Me}$$$$,2.9284579426645143
PEPTIDE1{meI.hHis.Aca.N.T.dK.Thr_PO3H2.Aca.D-Tyr_Et.Tyr_ab-dehydroMe.dV.E.N.Tyr_3OH.Phe_4Me}$$$$,2.668683774486181
PEPTIDE1{meI.hHis.Aca.N.T.dK.Thr_PO3H2.Aca.D-Tyr_Et.Tyr_ab-dehydroMe.dV.E.N.D-Orn.Orn.Phe_4Me}$$$$,5.719581163206141
PEPTIDE1{meI.hHis.Aca.N.T.dK.Thr_PO3H2.Aca.D-Tyr_Et.Tyr_ab-dehydroMe.dV.E.N.D-Orn.Oic_3aR-7aS.Phe_4Me}$$$$,5.901430952600461
PEPTIDE1{meI.hHis.Aca.N.T.dK.Thr_PO3H2.Aca.D-Tyr_Et.Tyr_ab-dehydroMe.dV.E.N.D-Phe_4Cl.Phe_4Me}$$$$,2.0334272364196875
PEPTIDE1{meI.hHis.Aca.N.T.dK.Thr_PO3H2.Aca.D-Tyr_Et.Tyr_ab-dehydroMe.dV.E.N.D-1Nal.Phe_4Me}$$$$,4.29826019100312
PEPTIDE1{meI.hHis.Aca.N.T.dK.Thr_PO3H2.Aca.D-Tyr_Et.Tyr_ab-dehydroMe.dV.E.N.D-xiIle.D-aThr.Phe_4Me}$$$$,5.909344849706129
PEPTIDE1{D-1Nal.hHis.Aca.N.T.dK.Thr_PO3H2.Aca.Tyr_PO3H2.Tyr_ab-dehydroMe.dV.Cys_SEt.N.D-Orn.D-aThr.Phe_4Me}$$$$,1.3795687277622264
PEPTIDE1{Phe_2F.Aca.N.T.dK.Thr_PO3H2.Aca.D-Tyr_Et.Tyr_ab-dehydroMe.dV.Cys_SEt.N.D-Orn.Phe_4Me}$$$$,5.546108265114227
PEPTIDE1{meI.Aca.N.T.dK.Thr_PO3H2.Aca.D-Tyr_Et.Tyr_ab-dehydroMe.dV.E.N.D-2Pal.meF}$$$$,4.382011417656825
PEPTIDE1{meI.T.dK.dR.D-Thz.D-Tyr_Et.Tyr_ab-dehydroMe.dR.Thr_PO3H2.N.D-Orn.D-aThr.Phe_4Me}$$$$,4.594368166357471
PEPTIDE1{meI.Aca.N.T.dK.D-Thz.Aca.D-Tyr_Et.Tyr_ab-dehydroMe.D-Thz.Thr_PO3H2.N.D-Orn.D-aThr.Phe_4Me}$$$$,5.819555059733145
PEPTIDE1{meI.Tyr_26diMe.Aca.N.T.dK.Thr_PO3H2.Aca.D-Tyr_Et.Tyr_ab-dehydroMe.D-Dap.D-Thz.N.D-Orn.D-aThr.Phe_4Me}$$$$,4.932772127219726
PEPTIDE1{meI.Tyr_26diMe.Aca.N.T.dK.Thr_PO3H2.Aca.D-Tyr_Et.Tyr_ab-dehydroMe.D-Dap.D-Thz.N.D-Orn.D-aThr.Phe_4Me}$$$$,4.492189811796429
PEPTIDE1{meI.T.dK.Thr_PO3H2.dR.D-Tyr_Et.Tyr_ab-dehydroMe.dV.dR.N.D-Orn.D-aThr.Phe_4Me}$$$$,3.5688631607860133
PEPTIDE1{meI.Aca.N.Pip.dK.D-Thz.Aca.D-Tyr_Et.Tyr_ab-dehydroMe.D-Thz.Thr_PO3H2.N.D-Orn.Phe_4Me}$$$$,1.9262278353071889
PEPTIDE1{D-Tic.D-Tyr_Et.Tyr_ab-dehydroMe.dV.Cys_SEt.N.D-Orn.D-aThr.Phe_4Me}$$$$,2.457363606389502
PEPTIDE1{Phe_2F.Tyr_ab-dehydroMe.dV.Aca.N.D-Orn.D-aThr.Phe_4Me}$$$$,0.4185638834905747
PEPTIDE1{meC.hHis.Aca.N.T.dK.Thr_PO3H2.Aca.D-Tyr_Et.Tyr_ab-dehydroMe.dV.Cys_SEt.N.D-Orn.D-aThr.Phe_4Me}$$$$,4.601836881383356
PEPTIDE1{meC.hHis.Aca.N.T.dK.Thr_PO3H2.Aca.D-Tyr_Et.Tyr_ab-dehydroMe.dV.Cys_SEt.N.D-Orn.D-aThr.Phe_4Me}$$$$,5.007004283653228
PEPTIDE1{meI.hHis.Aca.N.T.dK.Thr_PO3H2.Aca.D-Tyr_Et.Tyr_ab-dehydroMe.dV.E.N.3Abz.D-aThr.Phe_4Me}$$$$,3.3191772481669433
PEPTIDE1{meI.hHis.Aca.N.T.dK.Thr_PO3H2.Aca.D-Tyr_Et.Tyr_ab-dehydroMe.dV.E.N.D-Trp_2Me.D-aThr.Phe_4Me}$$$$,5.736458513210706
PEPTIDE1{Phe_4Sdihydroorotamido.hHis.Aca.N.T.dK.Thr_PO3H2.Aca.D-Tyr_Et.Tyr_ab-dehydroMe.dV.E.N.D-Orn.D-aThr.Phe_4Me}$$$$,5.4768138419154155
PEPTIDE1{meI.hHis.Aca.N.T.dK.Thr_PO3H2.Aca.D-Tyr_Et.Tyr_ab-dehydroMe.dV.E.N.Phe_3Cl.meK.Phe_4Me}$$$$,3.6875632541100427
PEPTIDE1{meI.hHis.Aca.N.T.dK.Thr_PO3H2.Aca.Sta_3S4S.Tyr_ab-dehydroMe.dV.E.N.D-Orn.D-aThr.Phe_4Me}$$$$,4.900782639243829
PEPTIDE1{aThr.hHis.Aca.N.T.dK.Thr_PO3H2.Aca.Pqa.Tyr_ab-dehydroMe.dV.E.N.D-Orn.D-aThr.Phe_4Me}$$$$,6.184166441517707
PEPTIDE1{meI.hHis.Aca.N.T.W.Thr_PO3H2.Aca.D-Tyr_Et.Tyr_ab-dehydroMe.dV.E.N.D-Orn.D-aThr.Phe_4Me}$$$$,5.529680332458709
PEPTIDE1{hHis.Aca.N.T.dK.Thr_PO3H2.Aca.D-Tyr_Et.Tyr_ab-dehydroMe.dV.E.N.D-Orn.D-aThr.Phe_4Me}$$$$,7.041879190192846
PEPTIDE1{meI.hHis.Aca.N.T.dK.Thr_PO3H2.Aca.D-Tyr_Et.Trp_5OH.dV.E.N.dV.Phe_4Me}$$$$,3.723551880579903
PEPTIDE1{meI.hHis.Aca.N.T.dK.Thr_PO3H2.Aca.D-Tyr_Et.D-3Pal.dV.E.N.pnG.Phe_4Me}$$$$,3.9116335221357716
PEPTIDE1{Phe_2F.Aca.N.T.dK.Thr_PO3H2.Aca.D-Tyr_Et.Tyr_ab-dehydroMe.dV.Cys_SEt.N.dV.Phe_4Me}$$$$,2.0697555879776237
PEPTIDE1{aHyp.Hcy.N.T.W.Q.Phe_4NH2.D-Tyr_Et.Tyr_ab-dehydroMe.dV.Cys_SEt.N.dV.Phe_4Me}$$$$,2.212969738872801
PEPTIDE1{D-Tic.Hcy.N.T.W.Q.Phe_4NH2.D-Tyr_Et.Tyr_ab-dehydroMe.D-Dap.Cys_SEt.N.D-Orn.D-aThr.Phe_4Me}$$$$,4.900216630318716
PEPTIDE1{Gly_allyl.hHis.Aca.N.T.dK.Thr_PO3H2.Aca.D-Tyr_Et.Tyr_ab-dehydroMe.dV.Thr_PO3H2.N.D-Orn.D-aThr.Phe_4Me}$$$$,6.107693877547143
PEPTIDE1{meI.hHis.Aca.N.T.dK.Thr_PO3H2.Aca.D-Tyr_Et.Tyr_ab-dehydroMe.dV.E.N.D-Orn.meF}$$$$,6.124685510613773
PEPTIDE1{meI.hHis.Aca.N.T.dK.Thr_PO3H2.Aca.D-Tyr_Et.Tyr_ab-dehydroMe.dV.E.N.Nle.D-aThr.Phe_4Me}$$$$,3.2512414219464123
PEPTIDE1{meI.hHis.Aca.N.T.dK.Thr_PO3H2.Aca.D-Tyr_Et.Tyr_ab-dehydroMe.dV.E.N.D-Orn.Thz.Phe_4Me}$$$$,5.556133504163427
PEPTIDE1{meI.hHis.Aca.N.T.dK.Thr_PO3H2.Aca.D-Tyr_Et.Tyr_ab-dehydroMe.dV.E.N.D-Orn.meI.Phe_4Me}$$$$,4.856185372452264
PEPTIDE1{meI.hHis.Aca.N.T.dK.Thr_PO3H2.Aca.D-Tyr_Et.Tyr_ab-dehydroMe.dV.E.N.D-Orn.dF.Phe_4Me}$$$$,7.22946187519301
PEPTIDE1{meI.hHis.Aca.N.T.W.Thr_PO3H2.Aca.D-Tyr_Et.Tyr_ab-dehydroMe.dV.E.N.D-2Pal.D-aThr.Phe_4Me}$$$$,4.372072669923474
PEPTIDE1{meI.hHis.Aca.N.T.D-Orn.Thr_PO3H2.Aca.D-Tyr_Et.Tyr_ab-dehydroMe.dV.E.N.pnG.Phe_4Me}$$$$,0.621781936394973
PEPTIDE1{meI.hHis.Aca.N.T.dK.Thr_PO3H2.Aca.D-Tyr_Et.Tyr_ab-dehydroMe.dV.E.N.D-2Pal.D-aThr.Phe_4Me}$$$$,5.7257553104881955
PEPTIDE1{D-Tic.Hcy.N.T.W.Q.Phe_4NH2.D-Tyr_Et.Tyr_ab-dehydroMe.dV.Cys_SEt.N.D-Orn.D-aThr.Phe_4Me}$$$$,5.1290131096275005
PEPTIDE1{D-Tic.Hcy.N.T.W.Q.Phe_4NH2.D-Tyr_Et.Tyr_ab-dehydroMe.dV.Cys_SEt.N.D-Orn.D-aThr.Phe_4Me}$$$$,5.26011381025144
PEPTIDE1{Phe_2F.Aca.N.T.dK.Thr_PO3H2.Aca.D-Tyr_Et.Tyr_ab-dehydroMe.dV.Cys_SEt.N.aIle.Phe_4Me}$$$$,3.4722443479797036
PEPTIDE1{D-Tic.Aca.N.T.dK.Thr_PO3H2.Aca.D-Tyr_Et.Tyr_ab-dehydroMe.dV.Cys_SEt.N.dV.Phe_4Me}$$$$,1.7653205101827805
PEPTIDE1{Phe_2F.Aca.N.T.dK.Thr_PO3H2.Aca.D-Tyr_Et.Tyr_ab-dehydroMe.dV.Cys_SEt.N.D-Orn.D-aThr.Phe_4Me}$$$$,5.509817198651911
PEPTIDE1{Phe_2F.Aca.N.T.dK.Thr_PO3H2.Aca.D-Tyr_Et.Tyr_ab-dehydroMe.dV.Cys_SEt.N.D-Orn.D-aThr.Phe_4Me}$$$$,7.036642224871809
PEPTIDE1{Phe_2F.Aca.N.T.W.Thr_PO3H2.Aca.D-Tyr_Et.Tyr_ab-dehydroMe.dV.Cys_SEt.N.D-Orn.D-aThr.Phe_4Me}$$$$,6.385111324511127
PEPTIDE1{Phe_2F.Aca.N.T.W.Thr_PO3H2.Aca.D-Tyr_Et.Tyr_ab-dehydroMe.dV.Cys_SEt.N.D-Orn.D-aThr.Phe_4Me}$$$$,5.671667939823636
PEPTIDE1{meI.hHis.Aca.Thz.T.dK.Thr_PO3H2.Aca.D-Tyr_Et.Tyr_ab-dehydroMe.dV.E.N.D-Orn.D-aThr.Phe_4Me}$$$$,7.054641179864071
PEPTIDE1{meI.hHis.Aca.Phe_ab-dehydro.T.dK.Thr_PO3H2.Aca.D-Tyr_Et.Tyr_ab-dehydroMe.dV.E.N.D-Orn.D-aThr.Phe_4Me}$$$$,6.418080357328669
PEPTIDE1{meI.hHis.Aca.Phe_ab-dehydro.T.dK.Thr_PO3H2.Aca.D-Tyr_Et.Tyr_ab-dehydroMe.dV.E.N.D-Orn.D-aThr.Phe_4Me}$$$$,4.794474567995897
PEPTIDE1{meI.Aca.N.T.dK.Thr_PO3H2.Aca.D-Tyr_Et.Tyr_ab-dehydroMe.dV.Thz.N.D-Orn.D-aThr.Phe_4Me}$$$$,3.791328341300331
PEPTIDE1{meI.Aca.N.T.dK.Thr_PO3H2.Aca.D-Tyr_Et.Tyr_ab-dehydroMe.dV.Thz.N.D-Orn.D-aThr.Phe_4Me}$$$$,5.238621410476355
PEPTIDE1{meI.Aca.N.T.dK.Thr_PO3H2.Aca.D-Tyr_Et.Tyr_ab-dehydroMe.dV.Thz.N.D-Orn.D-aThr.Phe_4Me}$$$$,6.289155578030592
PEPTIDE1{meI.Aca.N.T.dK.Thr_PO3H2.Aca.D-Tyr_Et.Tyr_ab-dehydroMe.dV.Phe_ab-dehydro.N.D-Orn.D-aThr.Phe_4Me}$$$$,6.843689663780207
PEPTIDE1{meI.Aca.N.T.dK.Thr_PO3H2.Aca.D-Tyr_Et.Tyr_ab-dehydroMe.dV.Phe_ab-dehydro.N.D-Orn.D-aThr.Phe_4Me}$$$$,5.7848165822239
PEPTIDE1{meI.hHis.Aca.N.T.dK.Thr_PO3H2.Aca.D-Tyr_Et.Tyr_ab-dehydroMe.dV.E.N.aIle.Phe_4Me}$$$$,4.403217581659343
PEPTIDE1{meI.Aca.N.T.dK.Thr_PO3H2.Aca.D-Tyr_Et.Tyr_ab-dehydroMe.D-Dap.Thr_PO3H2.N.aIle.Phe_4Me}$$$$,1.8148845553873771
PEPTIDE1{meI.hHis.Aca.N.T.dK.Thr_PO3H2.Aca.D-Tyr_Et.Tyr_ab-dehydroMe.dV.E.N.D-Orn.Phe_ab-dehydro.Phe_4Me}$$$$,4.895069712524686
PEPTIDE1{meI.hHis.Aca.N.T.dK.Thr_PO3H2.Aca.D-Tyr_Et.Tyr_ab-dehydroMe.dV.E.N.D-Orn.D-aThr.Thz.Phe_4Me}$$$$,5.7935028568467715
PEPTIDE1{meI.hHis.Aca.N.T.dK.Thr_PO3H2.Aca.D-Tyr_Et.Tyr_ab-dehydroMe.dV.E.N.D-Orn.D-aThr.Phe_ab-dehydro.Phe_4Me}$$$$,6.349888464923575
PEPTIDE1{meI.Pip.dK.D-Thz.D-Thz.D-Tyr_Et.Tyr_ab-dehydroMe.D-Thz.Thr_PO3H2.N.D-Orn.D-aThr.Phe_4Me}$$$$,4.1888515735984875
PEPTIDE1{meI.hHis.Aca.N.T.dK.Thr_PO3H2.Aca.D-Tyr_Et.Phe_4Me.dV.E.N.pnG.Phe_4Me}$$$$,6.089965399042418
PEPTIDE1{meI.Aca.N.T.dK.Thr_PO3H2.Aca.D-Tyr_Et.Phe_4Me.D-Dap.Thr_PO3H2.N.pnG.Phe_4Me}$$$$,2.97705352002347
PEPTIDE1{meI.Aca.N.T.dK.Thr_PO3H2.Aca.D-Tyr_Et.Tyr_ab-dehydroMe.D-Dap.Thr_PO3H2.N.D-2Pal.D-aThr.Phe_4Me}$$$$,6.962355370216971
PEPTIDE1{meI.D-Thz.dK.Thr_PO3H2.D-Thz.D-Tyr_Et.Tyr_ab-dehydroMe.D-Dap.D-Thz.N.D-Orn.D-aThr.Phe_4Me}$$$$,4.190506245388752
PEPTIDE1{meI.Pip.dK.Thr_PO3H2.D-Thz.D-Tyr_Et.Tyr_ab-dehydroMe.D-Dap.D-Thz.N.D-Orn.D-aThr.Phe_4Me}$$$$,4.447607189247025
PEPTIDE1{meI.D-Thz.dK.D-Thz.D-Thz.D-Tyr_Et.Tyr_ab-dehydroMe.D-Thz.Thr_PO3H2.N.D-Orn.D-aThr.Phe_4Me}$$$$,4.938016458673605
PEPTIDE1{meI.hHis.Aca.N.T.dK.Thr_PO3H2.Aca.D-Tyr_Et.Tyr_ab-dehydroMe.dV.E.N.D-Orn.D-Thz.Phe_4Me}$$$$,6.240783449491266
PEPTIDE1{meI.hHis.Aca.N.T.dK.Thr_PO3H2.Aca.D-Tyr_Et.Tyr_ab-dehydroMe.dV.E.N.D-Orn.Azi.Phe_4Me}$$$$,5.269574669378233
PEPTIDE1{meI.hHis.Aca.N.T.dK.Thr_PO3H2.Aca.D-Tyr_Et.Tyr_ab-dehydroMe.dV.E.N.D-Orn.Aad.Phe_4Me}$$$$,6.356608150942263
PEPTIDE1{meI.hHis.Aca.N.T.dK.Thr_PO3H2.Aca.D-Tyr_Et.Tyr_ab-dehydroMe.dV.E.N.Tyr_26diMe.D-aThr.Phe_4Me}$$$$,5.0320723970678864
PEPTIDE1{meI.hHis.Aca.N.T.dK.Thr_PO3H2.Aca.D-Tyr_Et.Tyr_ab-dehydroMe.dV.E.N.Aze.D-aThr.Phe_4Me}$$$$,3.5414223436864174
PEPTIDE1{meI.hHis.Aca.N.T.dK.Thr_PO3H2.Aca.D-Tyr_Et.Tyr_ab-dehydroMe.dV.E.N.D-Orn.D-aThr.Phe_4Me}$$$$,5.012340863808374
PEPTIDE1{meI.Aca.N.T.dK.Thr_PO3H2.Aca.D-Tyr_Et.Tyr_ab-dehydroMe.D-Dap.Thr_PO3H2.N.Nle.aIle.Phe_4Me}$$$$,4.9557115104021445
PEPTIDE1{meI.Aca.N.T.dK.Thr_PO3H2.Aca.D-Tyr_Et.Tyr_ab-dehydroMe.D-Dap.Thr_PO3H2.N.dV.P.Phe_4Me}$$$$,4.954138551264807
PEPTIDE1{meI.Aca.N.T.dK.Bmt.Aca.seC.Tyr_ab-dehydroMe.D-Dap.Thr_PO3H2.N.dV.Phe_4Me}$$$$,1.969509093282512
PEPTIDE1{meI.Aca.N.T.dK.Thr_PO3H2.Aca.Phg.Tyr_ab-dehydroMe.D-Dap.Thr_PO3H2.N.dV.Phe_4Me}$$$$,4.153864470655199
PEPTIDE1{meI.Aca.N.T.dK.Thr_PO3H2.Aca.seC.Tyr_ab-dehydroMe.D-Dap.Thr_PO3H2.N.dV.Phe_4Me}$$$$,2.920350890634814
PEPTIDE1{meI.Aca.N.T.dK.Thr_PO3H2.Aca.D-Tyr_Et.Tyr_ab-dehydroMe.D-Dap.Thr_PO3H2.N.Bmt_E.D-aThr.Phe_4Me}$$$$,3.2643854854057297
PEPTIDE1{meI.Aca.N.T.dK.Thr_PO3H2.Aca.D-Tyr_Et.Tyr_ab-dehydroMe.D-Dap.Thr_PO3H2.N.Tyr_Me.D-aThr.Phe_4Me}$$$$,3.011882410472904
PEPTIDE1{meI.Tyr_26diMe.Aca.N.T.dK.Thr_PO3H2.Aca.D-Tyr_Et.Tyr_ab-dehydroMe.meN.D-Thz.N.dV.Phe_4Me}$$$$,3.5140432029293365
PEPTIDE1{meI.hHis.Aca.N.T.dK.Thr_PO3H2.Aca.D-Tyr_Et.Tyr_ab-dehydroMe.dV.E.N.xiHyp.Phe_4Me}$$$$,1.9895604991935227
PEPTIDE1{Ser_Bn.hHis.Aca.N.T.dK.Thr_PO3H2.Aca.D-Tyr_Et.Tyr_ab-dehydroMe.dV.E.N.pnG.Phe_4Me}$$$$,4.526299020842732
PEPTIDE1{meI.hHis.Aca.N.T.dK.Thr_PO3H2.Aca.D-Tyr_Et.Tyr_ab-dehydroMe.dV.E.N.D-Trp_2Me.Phe_4Me}$$$$,3.9643248070366144
PEPTIDE1{meI.hHis.Aca.N.T.dK.Thr_PO3H2.Aca.D-Tyr_Et.dR.dV.E.N.pnG.Phe_4Me}$$$$,3.6712642384978063
PEPTIDE1{Ser_Bn.Aca.N.T.dK.Thr_PO3H2.Aca.D-Tyr_Et.Tyr_ab-dehydroMe.D-Dap.Thr_PO3H2.N.pnG.Phe_4Me}$$$$,4.336045596388027
PEPTIDE1{Phe_2Me.hHis.Aca.N.T.dK.Thr_PO3H2.Aca.D-Tyr_Et.Tyr_ab-dehydroMe.dV.E.N.pnG.Phe_4Me}$$$$,2.460158421846723
PEPTIDE1{Bmt.hHis.Aca.N.T.dK.Thr_PO3H2.Aca.D-Tyr_Et.Tyr_ab-dehydroMe.dV.E.N.pnG.Phe_4Me}$$$$,1.5800573004289755
PEPTIDE1{meY.hHis.Aca.N.T.dK.Thr_PO3H2.Aca.D-Tyr_Et.Tyr_ab-dehydroMe.dV.E.N.pnG.Phe_4Me}$$$$,1.3188239833680404
PEPTIDE1{meI.Aca.N.T.W.Thr_PO3H2.Aca.D-Tyr_Et.Tyr_ab-dehydroMe.meN.E.N.D-Orn.D-aThr.Phe_4Me}$$$$,5.039710712503269
PEPTIDE1{meI.Aca.N.T.W.Thr_PO3H2.Aca.D-Tyr_Et.Tyr_ab-dehydroMe.dV.E.N.D-Orn.D-aThr.Phe_4Me}$$$$,7.689712367025677
PEPTIDE1{meI.Aca.N.T.dK.Thr_PO3H2.Aca.D-Tyr_Et.Tyr_ab-dehydroMe.D-Dap.Thr_PO3H2.N.Phe_4Br.D-aThr.Phe_4Me}$$$$,3.181635738993255
PEPTIDE1{meI.Aca.N.T.dK.Thr_PO3H2.Aca.D-Tyr_Et.Tyr_ab-dehydroMe.D-Dap.Thr_PO3H2.N.Y.D-aThr.Phe_4Me}$$$$,2.3590640969133094
PEPTIDE1{meI.Aca.N.T.dK.Thr_PO3H2.Aca.D-Tyr_Et.Tyr_ab-dehydroMe.D-Dap.Thr_PO3H2.N.Tyr_ab-dehydroMe.D-aThr.Phe_4Me}$$$$,3.2381368709732605
PEPTIDE1{meI.Aca.N.T.dK.Thr_PO3H2.Aca.D-Tyr_Et.Tyr_ab-dehydroMe.D-Dap.Thr_PO3H2.N.hHis.D-aThr.Phe_4Me}$$$$,4.097062936900726
PEPTIDE1{meI.Aca.N.T.dK.Thr_PO3H2.Aca.D-Tyr_Et.Tyr_ab-dehydroMe.D-Dap.Thr_PO3H2.N.3Pal.D-aThr.Phe_4Me}$$$$,2.778285901743817
PEPTIDE1{meI.Aca.N.T.dK.Thr_PO3H2.Aca.D-Tyr_Et.Tyr_ab-dehydroMe.D-Dap.Thr_PO3H2.N.Thr_PO3H2.D-aThr.Phe_4Me}$$$$,4.982566476717228
PEPTIDE1{meI.Aca.N.T.dK.Thr_PO3H2.Aca.D-Tyr_Et.Tyr_ab-dehydroMe.meN.E.N.dV.Phe_4Me}$$$$,1.010859268156684
PEPTIDE1{meI.hHis.Aca.N.T.dK.Thr_PO3H2.Aca.D-Tyr_Et.Tyr_ab-dehydroMe.meN.E.N.D-Orn.D-aThr.Phe_4Me}$$$$,7.071658705330649
PEPTIDE1{meI.hHis.Trp_Ome.N.T.dK.Thr_PO3H2.D-Hyp.D-Tyr_Et.Tyr_ab-dehydroMe.meN.E.N.NMe2Abz.D-aThr.Phe_4Me}$$$$,3.7559508760845497
PEPTIDE1{meI.hHis.Trp_Ome.N.T.dK.Thr_PO3H2.D-Hyp.D-Tyr_Et.Tyr_ab-dehydroMe.meN.E.N.H.D-aThr.Phe_4Me}$$$$,3.0238301228641387
PEPTIDE1{meI.hHis.Aca.N.T.dK.Thr_PO3H2.Aca.D-Tyr_Et.Tyr_ab-dehydroMe.meN.E.N.H.Tyr_35diI.Phe_4Me}$$$$,4.690704440719536
PEPTIDE1{meI.hHis.Aca.N.T.dK.Thr_PO3H2.Aca.D-Tyr_Et.Tyr_ab-dehydroMe.meN.E.N.H.NMe2Abz.Phe_4Me}$$$$,3.4681468670407507
PEPTIDE1{meI.hHis.Aca.N.T.dK.Thr_PO3H2.Aca.D-Tyr_Et.Tyr_ab-dehydroMe.meN.E.N.NMe2Abz.D-aThr.Phe_4Me}$$$$,5.133172825358756
PEPTIDE1{Lys_Boc.hHis.Aca.N.T.dK.Thr_PO3H2.Aca.D-Tyr_Et.Tyr_ab-dehydroMe.meN.E.N.dV.Phe_4Me}$$$$,4.5838765402351225
PEPTIDE1{meI.hHis.Aca.N.T.dK.Thr_PO3H2.Aca.D-Tyr_Et.Tyr_ab-dehydroMe.meN.E.N.dV.D-aThr.Phe_4Me}$$$$,4.67717926101662
PEPTIDE1{meI.Aca.N.T.meV.Thr_PO3H2.Aca.seC.Tyr_ab-dehydroMe.dV.Thr_PO3H2.N.D-Orn.D-aThr.Phe_4Me}$$$$,5.53893733918978
PEPTIDE1{meI.Aca.Cys_SEt.T.meV.Thr_PO3H2.Aca.Tyr_PO3H2.Tyr_ab-dehydroMe.dV.Thr_PO3H2.N.D-Orn.D-aThr.Phe_4Me}$$$$,7.109470365722368
PEPTIDE1{meI.hHis.Aca.N.T.dK.Thr_PO3H2.Aca.D-Bmt.Tyr_ab-dehydroMe.dV.E.N.pnG.Phe_4Me}$$$$,1.8244375314899504
PEPTIDE1{meI.hHis.Aca.N.T.dK.Thr_PO3H2.Aca.Sta_3S4S.Tyr_ab-dehydroMe.dV.E.N.pnG.Phe_4Me}$$$$,1.7781172584274643
"PEPTIDE1{meI.hHis.Aca.N.T.dK.Thr_PO3H2.Aca.D-Tyr_Et.Tyr_ab-dehydroMe.dV.E.N.[L-hArg(Et,Et)].aMePhe.Phe_4Me}$$$$",3.6876680890303573
"PEPTIDE1{meI.Aca.N.T.dK.Thr_PO3H2.Aca.D-Tyr_Et.Tyr_ab-dehydroMe.D-Dap.Thr_PO3H2.N.[L-hArg(Et,Et)].aMePhe.Phe_4Me}$$$$",3.885351901433885
PEPTIDE1{meI.hHis.Aca.N.T.dK.Thr_PO3H2.Aca.D-Tyr_Et.Tyr_ab-dehydroMe.dV.E.N.NMe2Abz.Phe_4Me}$$$$,6.587703329147981
PEPTIDE1{meI.hHis.Aca.N.T.dK.Thr_PO3H2.Aca.D-Tyr_Et.Tyr_ab-dehydroMe.dV.E.N.D-Nle.Phe_4Me}$$$$,1.9000245681406613
PEPTIDE1{meI.Aca.N.T.dK.Thr_PO3H2.Aca.D-Tyr_Et.Tyr_ab-dehydroMe.D-Dap.Thr_PO3H2.N.NMe2Abz.Phe_4Me}$$$$,4.770661284446072
PEPTIDE1{meI.Aca.N.T.dK.Thr_PO3H2.Aca.D-Tyr_Et.Tyr_ab-dehydroMe.D-Dap.Thr_PO3H2.N.D-Nle.Phe_4Me}$$$$,4.082956304517342
PEPTIDE1{meI.hHis.Aca.N.T.dK.Thr_PO3H2.Aca.D-Tyr_Et.Tyr_ab-dehydroMe.dV.E.N.meT.Phe_4Me}$$$$,3.9895860933838385
PEPTIDE1{meI.Aca.N.T.dK.Thr_PO3H2.Aca.D-Tyr_Et.Tyr_ab-dehydroMe.D-Dap.Thr_PO3H2.N.meT.Phe_4Me}$$$$,3.0321882592538367
PEPTIDE1{meI.hHis.Aca.N.T.dK.Thr_PO3H2.Aca.bAla.Tyr_ab-dehydroMe.dV.E.N.pnG.Phe_4Me}$$$$,1.9979715206648863
PEPTIDE1{meI.Aca.N.T.dK.Thr_PO3H2.Aca.bAla.Tyr_ab-dehydroMe.D-Dap.Thr_PO3H2.N.pnG.Phe_4Me}$$$$,1.207283699628585
PEPTIDE1{D-Nva.hHis.Aca.N.T.dK.Thr_PO3H2.Aca.D-Tyr_Et.Tyr_ab-dehydroMe.dV.E.N.pnG.Phe_4Me}$$$$,2.734825643928226
PEPTIDE1{D-Nva.Aca.N.T.dK.Thr_PO3H2.Aca.D-Tyr_Et.Tyr_ab-dehydroMe.D-Dap.Thr_PO3H2.N.pnG.Phe_4Me}$$$$,2.720323277740761
PEPTIDE1{meI.Thr_PO3H2.Aca.N.T.dK.Thr_PO3H2.Aca.D-Tyr_Et.Tyr_ab-dehydroMe.D-Dap.Cys_SEt.N.Phe_3Cl.aIle.Phe_4Me}$$$$,0.7954721308093697
PEPTIDE1{meI.hHis.Trp_Ome.N.T.dK.Thr_PO3H2.D-Hyp.D-Tyr_Et.Tyr_ab-dehydroMe.meN.E.N.dV.Phe_4Me}$$$$,3.5111403684211586
PEPTIDE1{meI.hHis.Aca.N.T.dK.Thr_PO3H2.Aca.D-Tyr_Et.Tyr_ab-dehydroMe.meN.E.N.H.D-Dap.Phe_4Me}$$$$,3.7829128883987586
PEPTIDE1{meI.hHis.Aca.N.T.dK.Thr_PO3H2.Aca.D-Tyr_Et.Tyr_ab-dehydroMe.meN.E.N.F.D-aThr.Phe_4Me}$$$$,3.5916924184869723
PEPTIDE1{meI.hHis.Aca.N.T.dK.Thr_PO3H2.Aca.D-Tyr_Et.Tyr_ab-dehydroMe.meN.E.N.dV.Phe_ab-dehydro.Phe_4Me}$$$$,3.481800571700768
PEPTIDE1{meI.hHis.Aca.N.T.dK.Thr_PO3H2.Aca.seC.Tyr_ab-dehydroMe.dV.E.N.dV.Phe_4Me}$$$$,2.9407920702044628
PEPTIDE1{meI.hHis.Aca.N.T.dK.Thr_PO3H2.Aca.seC.Tyr_ab-dehydroMe.meN.E.N.dV.Phe_4Me}$$$$,5.077596756202435
PEPTIDE1{meI.hHis.Aca.N.T.dK.Thr_PO3H2.Aca.D-Tyr_Et.Tyr_ab-dehydroMe.meN.E.N.dR.D-aThr.Phe_4Me}$$$$,2.281759530116704
PEPTIDE1{meI.Aca.N.T.dK.Thr_PO3H2.Aca.D-Tyr_Et.Tyr_ab-dehydroMe.meN.E.N.dR.D-aThr.Phe_4Me}$$$$,1.3269003782924185
PEPTIDE1{meI.1Nal.Aca.N.T.dK.Thr_PO3H2.Aca.D-Tyr_Et.Tyr_ab-dehydroMe.meN.E.N.dV.Phe_4Me}$$$$,3.79863434866827
PEPTIDE1{meI.hHis.Aca.N.T.dK.Thr_PO3H2.Aca.D-Tyr_Et.Tyr_ab-dehydroMe.meN.E.N.Nle.D-aThr.Phe_4Me}$$$$,3.301451901024899
PEPTIDE1{meI.hHis.Aca.N.T.dK.Thr_PO3H2.Aca.D-Tyr_Et.Tyr_ab-dehydroMe.meN.E.N.hHis.D-aThr.Phe_4Me}$$$$,3.637666959266361
PEPTIDE1{meI.hHis.Aca.N.T.dK.Thr_PO3H2.Aca.D-Tyr_Et.Tyr_ab-dehydroMe.meN.E.N.3Pal.D-aThr.Phe_4Me}$$$$,4.172414108405703
PEPTIDE1{meI.hHis.Aca.N.T.dK.Thr_PO3H2.Aca.D-Tyr_Et.Tyr_ab-dehydroMe.meN.E.N.Thr_PO3H2.D-aThr.Phe_4Me}$$$$,2.949737620796729
PEPTIDE1{meI.hHis.Aca.N.T.dK.Thr_PO3H2.Aca.D-Tyr_Et.Tyr_ab-dehydroMe.dV.E.N.dV.D-Trp_For.Phe_4Me}$$$$,4.4177228961567
PEPTIDE1{meI.hHis.Aca.N.T.dK.Thr_PO3H2.Aca.D-Tyr_Et.Tyr_ab-dehydroMe.dV.E.N.dV.P.Phe_4Me}$$$$,5.903601923731168
PEPTIDE1{meI.Aca.N.T.dK.Thr_PO3H2.Aca.D-Tyr_Et.Tyr_ab-dehydroMe.dV.E.N.D-Orn.D-aThr.Phe_4Me}$$$$,6.782093865086383
PEPTIDE1{meI.Aca.N.T.dK.Thr_PO3H2.Aca.D-Tyr_Et.Tyr_ab-dehydroMe.dV.E.N.D-Orn.D-aThr.Phe_4Me}$$$$,6.244795466098679
PEPTIDE1{meI.Aca.N.T.dK.Thr_PO3H2.Aca.D-Tyr_Et.Tyr_ab-dehydroMe.D-Dap.Thr_PO3H2.N.D-Orn.D-aThr.Phe_4Me}$$$$,4.406487962027281
PEPTIDE1{meI.Aca.N.T.meV.Thr_PO3H2.Aca.D-Tyr_Et.Tyr_ab-dehydroMe.dV.E.N.D-Orn.D-aThr.Phe_4Me}$$$$,4.7407399708406235
PEPTIDE1{meI.Aca.N.T.meV.Thr_PO3H2.Aca.D-Tyr_Et.Tyr_ab-dehydroMe.D-Dap.Thr_PO3H2.N.D-Orn.D-aThr.Phe_4Me}$$$$,7.764493500892882
PEPTIDE1{D-Tic.Hcy.N.T.W.Q.Phe_4NH2.D-Tyr_Et.Tyr_ab-dehydroMe.dV.Cys_SEt.N.dV.Phe_4Me}$$$$,3.1429221366243927
PEPTIDE1{aThr.hHis.Aca.Q.T.W.Q.Aca.D-Tyr_Et.dY.dV.E.N.dV.Phe_4Me}$$$$,2.366514824442319
PEPTIDE1{meI.Aca.N.T.dK.Thr_PO3H2.Aca.D-Tyr_Et.Tyr_ab-dehydroMe.meN.E.N.Wil.Phe_4Br.Phe_4Me}$$$$,3.7135668952948686
PEPTIDE1{meI.hHis.Aca.N.T.dK.Thr_PO3H2.Aca.D-Tyr_Et.Tyr_ab-dehydroMe.D-Dap.E.N.H.meF}$$$$,5.387298967002884
PEPTIDE1{meI.hHis.Aca.N.T.dK.Thr_PO3H2.Aca.D-Tyr_Et.Tyr_ab-dehydroMe.meN.E.N.dV.meF}$$$$,3.1327622667899035
PEPTIDE1{meI.Aca.N.T.dK.Thr_PO3H2.Aca.D-Tyr_Et.Tyr_ab-dehydroMe.D-Dap.Thr_PO3H2.N.Thr_PO3H2.aIle.Phe_4Me}$$$$,3.6012899577881
PEPTIDE1{meI.Aca.N.T.dK.Thr_PO3H2.Aca.D-Tyr_Et.Tyr_ab-dehydroMe.D-Dap.Thr_PO3H2.N.Thr_PO3H2.aIle.Phe_4Me}$$$$,3.3389403645983493
PEPTIDE1{meI.Aca.N.T.dK.Thr_PO3H2.Aca.D-Tyr_Et.Tyr_ab-dehydroMe.D-Dap.Thr_PO3H2.N.Thr_PO3H2.aIle.Phe_4Me}$$$$,1.6506289932771743
PEPTIDE1{meI.Aca.N.T.dK.Thr_PO3H2.Aca.D-Tyr_Et.Tyr_ab-dehydroMe.D-Dap.Thr_PO3H2.N.Phe_4Sdihydroorotamido.aIle.Phe_4Me}$$$$,2.659629204495798
"PEPTIDE1{meI.Aca.N.T.dK.Aca.Aca.D-Tyr_Et.Tyr_ab-dehydroMe.Phe_2F.Thr_PO3H2.N.[L-hArg(Et,Et)].aIle.Phe_4Me}$$$$",3.087473757566119
PEPTIDE1{meI.hHis.Aca.N.T.dK.Thr_PO3H2.Aca.D-Tyr_Et.Tyr_ab-dehydroMe.D-Bmt.E.N.dV.Phe_4Me}$$$$,2.478589999479269
PEPTIDE1{meI.Aca.N.T.dK.Thr_PO3H2.Aca.D-Tyr_Et.Tyr_ab-dehydroMe.D-Dap.Thr_PO3H2.N.Phe_4Br.aIle.Phe_4Me}$$$$,1.6494256005133707
PEPTIDE1{meI.hHis.Aca.N.T.dK.Bmt.Aca.D-Tyr_Et.Tyr_ab-dehydroMe.meN.E.N.dV.Phe_4Me}$$$$,1.78684326935583
"PEPTIDE1{meI.Aca.N.T.dK.Bmt.Aca.D-Tyr_Et.Tyr_ab-dehydroMe.D-Dap.Thr_PO3H2.N.[L-hArg(Et,Et)].aIle.Phe_4Me}$$$$",1.6453684524431091
PEPTIDE1{meI.Aca.N.T.dK.Thr_PO3H2.Aca.D-Tyr_Et.Tyr_ab-dehydroMe.D-Dap.Thr_PO3H2.N.H.meF}$$$$,5.988508994120261
PEPTIDE1{meI.hHis.Aca.N.T.dK.Thr_PO3H2.Aca.D-Tyr_Et.Tyr_ab-dehydroMe.dV.E.N.H.Phe_4Me}$$$$,4.635621184071095
PEPTIDE1{meI.Aca.N.T.dK.Thr_PO3H2.Aca.D-Tyr_Et.Tyr_ab-dehydroMe.meN.E.N.Wil.D-aThr.Phe_4Me}$$$$,4.0315803729988104
PEPTIDE1{meI.Aca.N.T.dK.Thr_PO3H2.Aca.D-Tyr_Et.Tyr_ab-dehydroMe.dV.E.N.NMe2Abz.Phe_4Br.Phe_4Me}$$$$,2.8250500411654027
"PEPTIDE1{meI.Aca.N.T.dK.NMebAla.Aca.D-Tyr_Et.Tyr_ab-dehydroMe.D-Dap.Thr_PO3H2.N.[L-hArg(Et,Et)].aIle.Phe_4Me}$$$$",3.9127323843184634
PEPTIDE1{meI.Aca.N.T.dK.Thr_PO3H2.Aca.D-Tyr_Et.Tyr_ab-dehydroMe.meN.E.N.dV.meF}$$$$,4.6805888900858905
PEPTIDE1{D-Phg.hHis.Aca.N.T.dK.Thr_PO3H2.Aca.D-Tyr_Et.Tyr_ab-dehydroMe.dV.E.N.pnG.Phe_4Me}$$$$,3.6882506732559195
PEPTIDE1{D-Phg.Aca.N.T.dK.Thr_PO3H2.Aca.D-Tyr_Et.Tyr_ab-dehydroMe.D-Dap.Thr_PO3H2.N.pnG.Phe_4Me}$$$$,2.9192556721175547
PEPTIDE1{meI.hHis.Aca.N.T.dK.Thr_PO3H2.Aca.D-Tyr_Et.Tyr_ab-dehydroMe.dV.E.N.Phe_3Cl.dM.Phe_4Me}$$$$,0.9413179309454787
PEPTIDE1{meI.Aca.N.T.dK.Thr_PO3H2.Aca.D-Tyr_Et.Tyr_ab-dehydroMe.D-Dap.Thr_PO3H2.N.Phe_3Cl.dM.Phe_4Me}$$$$,0.8711755056174837
PEPTIDE1{hHis.Aca.N.T.dK.Thr_PO3H2.Aca.D-Bmt_E.Tyr_ab-dehydroMe.dV.E.N.pnG.Phe_4Me}$$$$,1.1641417104380247
PEPTIDE1{Aca.N.T.dK.Thr_PO3H2.Aca.D-Bmt_E.Tyr_ab-dehydroMe.D-Phe_4F.Thr_PO3H2.N.pnG.Phe_4Me}$$$$,1.0509492184858296
PEPTIDE1{meI.hHis.Aca.N.T.dK.Thr_PO3H2.Aca.D-Tyr_Et.Tyr_ab-dehydroMe.dV.E.N.D-Phg.Phe_4Me}$$$$,4.713365938549143
PEPTIDE1{meI.Aca.N.T.dK.Thr_PO3H2.Aca.D-Tyr_Et.Tyr_ab-dehydroMe.D-Dap.Thr_PO3H2.N.D-Phg.Phe_4Me}$$$$,1.9413372500760941
PEPTIDE1{meI.hHis.Aca.N.T.dK.Thr_PO3H2.Aca.D-Tyr_Et.Tyr_ab-dehydroMe.dV.E.N.D-2Pal.Phe_4Me}$$$$,4.751886754733596
PEPTIDE1{meI.Aca.N.T.dK.Thr_PO3H2.Aca.D-Tyr_Et.Tyr_ab-dehydroMe.D-Dap.Thr_PO3H2.N.D-2Pal.Phe_4Me}$$$$,4.910357851254836
PEPTIDE1{meI.hHis.Aca.N.T.Val_3OH.Thr_PO3H2.Aca.D-Tyr_Et.Tyr_ab-dehydroMe.dV.E.N.pnG.Phe_4Me}$$$$,1.2990438521474108
PEPTIDE1{meI.Aca.N.T.Val_3OH.Thr_PO3H2.Aca.D-Tyr_Et.Tyr_ab-dehydroMe.D-Dap.Thr_PO3H2.N.pnG.Phe_4Me}$$$$,4.710200401995731
PEPTIDE1{meI.hHis.Aca.N.T.Ser_PO3H2.Thr_PO3H2.Aca.D-Tyr_Et.Tyr_ab-dehydroMe.dV.E.N.pnG.Phe_4Me}$$$$,2.5145426193343132
PEPTIDE1{meI.Aca.N.T.Ser_PO3H2.Thr_PO3H2.Aca.D-Tyr_Et.Tyr_ab-dehydroMe.D-Dap.Thr_PO3H2.N.pnG.Phe_4Me}$$$$,3.864067169633575
PEPTIDE1{1Nal.hHis.Aca.N.T.dK.Thr_PO3H2.Aca.D-Tyr_Et.Tyr_ab-dehydroMe.dV.E.N.dV.Phe_4Me}$$$$,3.251076918751898
PEPTIDE1{aMePhe.hHis.Aca.N.T.dK.Thr_PO3H2.Aca.D-Tyr_Et.Tyr_ab-dehydroMe.dV.E.N.dV.Phe_4Me}$$$$,2.7970124546772137
PEPTIDE1{Ac3c.hHis.Aca.N.T.dK.Thr_PO3H2.Aca.D-Tyr_Et.Tyr_ab-dehydroMe.dV.E.N.dV.Phe_4Me}$$$$,4.442243466700985
PEPTIDE1{meI.hHis.Aca.Q.T.W.Q.Aca.D-Tyr_Et.Tyr_ab-dehydroMe.dV.E.N.Asu.Phe_4Me}$$$$,3.8163447273554283
PEPTIDE1{meI.hHis.Aca.N.T.dK.Thr_PO3H2.Aca.D-Tyr_Et.Tyr_ab-dehydroMe.dV.E.N.D-aThr.Phe_4Me}$$$$,5.53088850059156
PEPTIDE1{meI.hHis.Aca.N.T.dK.Thr_PO3H2.Aca.D-Tyr_Et.Tyr_ab-dehydroMe.D-aThr.E.N.dV.Phe_4Me}$$$$,3.99549390985165
PEPTIDE1{meI.hHis.Aca.N.T.dK.Thr_PO3H2.Aca.D-Tyr_Et.Tyr_ab-dehydroMe.dV.E.N.H.D-Trp_For.Phe_4Me}$$$$,2.938239991389885
PEPTIDE1{meI.hHis.Aca.N.T.dK.Thr_PO3H2.Aca.D-Tyr_Et.Tyr_ab-dehydroMe.dV.E.N.H.P.Phe_4Me}$$$$,4.1827373457958945
PEPTIDE1{meI.hHis.Aca.N.T.dK.Thr_PO3H2.Aca.D-Tyr_Et.Tyr_ab-dehydroMe.meN.E.N.dV.Phe_4Br.Phe_4Me}$$$$,5.146512682388665
PEPTIDE1{meI.hHis.Aca.N.T.dK.Thr_PO3H2.Aca.D-Tyr_Et.Tyr_ab-dehydroMe.dV.E.N.dV.Phe_4Br.Phe_4Me}$$$$,1.9124580115395204
PEPTIDE1{meI.hHis.Aca.N.T.dK.Thr_PO3H2.Aca.D-Tyr_Et.Tyr_ab-dehydroMe.dV.E.N.NMe2Abz.Phe_4Br.Phe_4Me}$$$$,1.5198888206477554
"PEPTIDE1{meI.Aca.N.T.dK.Y.Aca.D-Tyr_Et.Tyr_ab-dehydroMe.D-Dap.Thr_PO3H2.N.[L-hArg(Et,Et)].aIle.Phe_4Me}$$$$",3.00777986470196
PEPTIDE1{meI.hHis.Aca.N.T.dK.Thr_PO3H2.Aca.D-Tyr_Et.Tyr_ab-dehydroMe.dV.E.N.H.Phe_4Br.Phe_4Me}$$$$,6.524477880041829
PEPTIDE1{meI.Aca.N.T.dK.Thr_PO3H2.Aca.D-Tyr_Et.Tyr_ab-dehydroMe.D-Dap.Thr_PO3H2.N.aThr.aIle.Phe_4Me}$$$$,2.283252227152765
PEPTIDE1{meI.Aca.N.T.dK.Thr_PO3H2.Aca.D-Tyr_Et.Tyr_ab-dehydroMe.D-Dap.Thr_PO3H2.N.Abu.aIle.Phe_4Me}$$$$,3.198688180483653
PEPTIDE1{meI.Aca.N.T.dK.Thr_PO3H2.Aca.D-Tyr_Et.Tyr_ab-dehydroMe.D-Dap.Thr_PO3H2.N.Aze.aIle.Phe_4Me}$$$$,4.483019439944624
PEPTIDE1{aThr.hHis.Hcy.Q.T.W.Q.Phe_4NH2.Pqa.Tyr_ab-dehydroMe.dV.E.N.dV.Phe_4Me}$$$$,3.648982655817461
PEPTIDE1{hHis.Hcy.Q.T.W.Q.Phe_4NH2.D-Tyr_Et.Tyr_ab-dehydroMe.dV.E.N.dV.Phe_4Me}$$$$,4.520962030409236
PEPTIDE1{meI.hHis.Aca.N.T.dK.Aca.Aca.D-Tyr_Et.Tyr_ab-dehydroMe.Phe_2F.E.N.Phe_4Sdihydroorotamido.aIle.Phe_4Me}$$$$,3.5796109982815167
"PEPTIDE1{meI.hHis.Aca.N.T.dK.Aca.Aca.D-Tyr_Et.Tyr_ab-dehydroMe.Phe_2F.E.N.[L-hArg(Et,Et)].aIle.Phe_4Me}$$$$",2.5766403379072265
PEPTIDE1{4Pal.hHis.Aca.N.T.dK.Thr_PO3H2.Aca.D-Tyr_Et.Tyr_ab-dehydroMe.dV.E.N.pnG.Phe_4Me}$$$$,2.8291809080348127
PEPTIDE1{Phe_4Sdihydroorotamido.hHis.Aca.N.T.dK.Thr_PO3H2.Aca.D-Tyr_Et.Tyr_ab-dehydroMe.dV.E.N.pnG.Phe_4Me}$$$$,2.6238859059178843
PEPTIDE1{Phe_4Sdihydroorotamido.Aca.N.T.dK.Thr_PO3H2.Aca.D-Tyr_Et.Tyr_ab-dehydroMe.D-Dap.Thr_PO3H2.N.pnG.Phe_4Me}$$$$,2.6165284113368177
PEPTIDE1{4Pal.Aca.N.T.dK.Thr_PO3H2.Aca.D-Tyr_Et.Tyr_ab-dehydroMe.D-Dap.Thr_PO3H2.N.pnG.Phe_4Me}$$$$,2.919400758688823
PEPTIDE1{aThr.hHis.Aca.N.T.dK.Thr_PO3H2.Aca.D-Tyr_Et.Tyr_ab-dehydroMe.dV.E.N.pnG.Phe_4Me}$$$$,3.111521880586662
PEPTIDE1{aThr.Aca.N.T.dK.Thr_PO3H2.Aca.D-Tyr_Et.Tyr_ab-dehydroMe.D-Dap.Thr_PO3H2.N.pnG.Phe_4Me}$$$$,3.4042647819072442
PEPTIDE1{meI.Aca.N.T.dK.Thr_PO3H2.Aca.D-Tyr_Et.Tyr_ab-dehydroMe.D-Dap.Thr_PO3H2.N.D-Thz.Phe_4Me}$$$$,3.2189790159725704
PEPTIDE1{meI.hHis.Aca.N.T.dK.Thr_PO3H2.Aca.D-Tyr_Et.Tyr_ab-dehydroMe.dV.pnG.N.D-Thz.Phe_4Me}$$$$,4.797153088761229
PEPTIDE1{meI.hHis.Aca.N.T.dK.Thr_PO3H2.Aca.D-Tyr_Et.Tyr_ab-dehydroMe.dV.E.N.Phe_4Sdihydroorotamido.Phe_4Me}$$$$,1.7868022017874057
PEPTIDE1{meI.hHis.Aca.N.T.dK.Aca.Aca.D-Tyr_Et.Tyr_ab-dehydroMe.Phe_2F.E.N.pnG.Phe_4Me}$$$$,4.684090195777814
PEPTIDE1{meI.Aca.N.T.dK.Thr_PO3H2.Aca.D-Tyr_Et.Tyr_ab-dehydroMe.D-Dap.Thr_PO3H2.N.meG.aIle.Phe_4Me}$$$$,3.374473585411437
PEPTIDE1{meI.Aca.N.T.dK.Thr_PO3H2.Aca.D-Tyr_Et.Tyr_ab-dehydroMe.D-Dap.Thr_PO3H2.N.3Pal.aIle.Phe_4Me}$$$$,3.4255090892695983
PEPTIDE1{meI.Aca.N.T.dK.Thr_PO3H2.Aca.D-Tyr_Et.Tyr_ab-dehydroMe.D-Dap.Thr_PO3H2.N.N.aIle.Phe_4Me}$$$$,3.556678276556248
PEPTIDE1{meI.Aca.N.T.dK.Thr_PO3H2.Aca.D-Tyr_Et.Tyr_ab-dehydroMe.D-Dap.Thr_PO3H2.N.Phe_4Sdihydroorotamido.Phe_4Me}$$$$,3.0794267100865795
PEPTIDE1{meI.Aca.N.T.dK.Aca.Aca.D-Tyr_Et.Tyr_ab-dehydroMe.Phe_2F.Thr_PO3H2.N.Phe_4Sdihydroorotamido.Phe_4Me}$$$$,2.951008961138771
PEPTIDE1{Lys_Boc.hHis.Aca.N.T.dK.Thr_PO3H2.Aca.D-Tyr_Et.Tyr_ab-dehydroMe.dV.E.N.dV.Phe_4Me}$$$$,4.005276913212527
PEPTIDE1{dE.hHis.Aca.N.T.dK.Thr_PO3H2.Aca.D-Tyr_Et.Tyr_ab-dehydroMe.dV.E.N.dV.Phe_4Me}$$$$,3.9741819038564117
PEPTIDE1{meI.hHis.Aca.N.T.dK.Thr_PO3H2.Aca.D-Tyr_Et.Tyr_ab-dehydroMe.dV.E.N.dV.Phe_4Me}$$$$,3.449309041685959
PEPTIDE1{D-Tyr_Et.hHis.Aca.N.T.dK.Thr_PO3H2.Aca.D-Tyr_Et.Tyr_ab-dehydroMe.dV.E.N.pnG.Phe_4Me}$$$$,3.2149075326289527
PEPTIDE1{meI.Aca.N.T.dK.Thr_PO3H2.Aca.D-Tyr_Et.Tyr_ab-dehydroMe.dV.Lys_Me3.N.dV.Phe_4Me}$$$$,3.7312567463970288
PEPTIDE1{meI.Aca.N.T.dK.Thr_PO3H2.Aca.D-Tyr_Et.Tyr_ab-dehydroMe.dV.Pyl.N.dV.Phe_4Me}$$$$,1.8711447259415328
PEPTIDE1{meI.Aca.N.T.dK.Thr_PO3H2.Aca.D-Tyr_Et.Tyr_ab-dehydroMe.dV.Lys_Me3.N.pnG.Phe_4Me}$$$$,3.1472801378455335
PEPTIDE1{meI.Aca.N.T.dK.Thr_PO3H2.Aca.D-Tyr_Et.Tyr_ab-dehydroMe.dV.Pyl.N.pnG.Phe_4Me}$$$$,2.2910426674226385
PEPTIDE1{meI.hHis.Aca.Q.T.W.Q.Aca.D-Tyr_Et.Tyr_ab-dehydroMe.dV.E.N.2Abz.Phe_4Me}$$$$,2.083628654286328
PEPTIDE1{meI.hHis.Aca.Q.T.W.Q.Aca.D-Tyr_Et.Tyr_ab-dehydroMe.dV.E.N.Tyr_tBu.Phe_4Me}$$$$,3.4725918671406646
PEPTIDE1{meI.hHis.Aca.Q.T.W.Q.Aca.D-Tyr_Et.Tyr_ab-dehydroMe.dV.E.N.Pqa.Phe_4Me}$$$$,2.255150392674634
PEPTIDE1{meI.Aca.N.T.meV.Thr_PO3H2.Aca.D-Tyr_Et.Tyr_ab-dehydroMe.D-Dap.Thr_PO3H2.N.H.D-aThr.Phe_4Me}$$$$,4.252463603233974
PEPTIDE1{meI.Aca.N.T.meV.Thr_PO3H2.Aca.D-Tyr_Et.Tyr_ab-dehydroMe.dV.E.N.H.D-aThr.Phe_4Me}$$$$,4.236441045183413
PEPTIDE1{meI.Aca.N.T.dK.Thr_PO3H2.Aca.D-Tyr_Et.Met_O2.dV.E.N.H.D-aThr.Phe_4Me}$$$$,1.0362210836976762
PEPTIDE1{meI.Aca.N.T.dK.Thr_PO3H2.Aca.D-Tyr_Et.Tyr_ab-dehydroMe.D-Dap.Thr_PO3H2.N.H.D-aThr.Phe_4Me}$$$$,4.4821453694932405
PEPTIDE1{meI.hHis.Aca.Q.T.W.Q.Aca.D-Tyr_Et.Tyr_ab-dehydroMe.dV.E.N.D-3Pal.Phe_4Me}$$$$,1.5043896107056116
PEPTIDE1{meI.hHis.Aca.Q.T.W.Q.Aca.D-Tyr_Et.Tyr_ab-dehydroMe.dV.E.N.meH.Phe_4Me}$$$$,1.1244462783956732
PEPTIDE1{meI.hHis.Aca.Q.T.W.Q.Aca.D-Tyr_Et.Tyr_ab-dehydroMe.dV.E.N.pnA.Phe_4Me}$$$$,1.2266564692917183
PEPTIDE1{meI.hHis.Aca.Q.T.W.Q.Aca.D-Tyr_Et.Tyr_ab-dehydroMe.dV.E.N.D-gGlu.Phe_4Me}$$$$,0.4031226076336012
PEPTIDE1{meI.hHis.Aca.Q.T.W.Q.Aca.D-Tyr_Et.Tyr_ab-dehydroMe.dV.E.N.Tic.Phe_4Me}$$$$,3.483651246092876
PEPTIDE1{meI.hHis.Aca.Q.T.W.Q.Aca.D-Tyr_Et.Tyr_ab-dehydroMe.dV.E.N.Phg.Phe_4Me}$$$$,3.9695466778732094
PEPTIDE1{meI.hHis.Aca.Q.T.W.Q.Aca.D-Tyr_Et.Tyr_ab-dehydroMe.dV.E.N.Iva.Phe_4Me}$$$$,2.7738076847580273
PEPTIDE1{meI.hHis.Aca.Q.T.W.Q.Aca.D-Tyr_Et.Tyr_ab-dehydroMe.dV.E.N.meI.Phe_4Me}$$$$,1.4977542929992307
PEPTIDE1{meI.hHis.Aca.N.T.dK.Thr_PO3H2.Aca.D-Tyr_Et.Tyr_ab-dehydroMe.dV.Thr_PO3H2.N.pnG.Phe_4Me}$$$$,3.7883810367046142
PEPTIDE1{meI.Aca.N.T.dK.xiHyp.Aca.D-Tyr_Et.Tyr_ab-dehydroMe.dV.E.N.H.D-aThr.Phe_4Me}$$$$,4.704256953096551
PEPTIDE1{meI.Aca.N.T.dK.Thr_PO3H2.Aca.D-Tyr_Et.Tyr_ab-dehydroMe.dV.E.N.H.D-aThr.Phe_4Me}$$$$,3.4775505687119286
PEPTIDE1{meI.Aca.N.T.D-1Nal.Thr_PO3H2.Aca.D-Tyr_Et.Tyr_ab-dehydroMe.dV.E.N.H.D-aThr.Phe_4Me}$$$$,4.146891762424619
PEPTIDE1{meI.Aca.N.T.D-1Nal.Thr_PO3H2.Aca.D-Tyr_Et.Tyr_ab-dehydroMe.D-Dap.Thr_PO3H2.N.H.D-aThr.Phe_4Me}$$$$,3.883025447096764
PEPTIDE1{meI.Aca.N.T.dK.Thr_PO3H2.Aca.D-Tyr_Et.Met_O2.dV.E.N.Gla.D-aThr.Phe_4Me}$$$$,3.21432969070375
PEPTIDE1{meI.hHis.Hcy.Q.T.W.Q.Phe_4NH2.D-Tyr_Et.Tyr_ab-dehydroMe.dV.E.N.pnG.Phe_4Me}$$$$,2.780913282674127
PEPTIDE1{meI.Aca.N.T.meV.Thr_PO3H2.Aca.D-Tyr_Et.Met_O2.D-Dap.Thr_PO3H2.N.H.D-aThr.Phe_4Me}$$$$,5.170131267771993
PEPTIDE1{meI.Aca.N.T.meV.Thr_PO3H2.Aca.D-Tyr_Et.Met_O2.dV.E.N.H.D-aThr.Phe_4Me}$$$$,4.6216899806757565
PEPTIDE1{meI.Aca.N.T.meV.Thr_PO3H2.Aca.D-Tyr_Et.Met_O2.D-Dap.Thr_PO3H2.N.Phe_3Cl.D-aThr.Phe_4Me}$$$$,2.9955726971939494
PEPTIDE1{meI.Aca.N.T.meV.Thr_PO3H2.Aca.D-Tyr_Et.Met_O2.dV.E.N.Phe_3Cl.D-aThr.Phe_4Me}$$$$,2.4483355588646765
PEPTIDE1{meI.Aca.N.T.dK.Thr_PO3H2.Aca.D-Tyr_Et.Tyr_ab-dehydroMe.D-Dap.D-xiIle.N.Gla.Phe_4Me}$$$$,1.9641345619990023
PEPTIDE1{meI.Aca.N.T.dK.Thr_PO3H2.Aca.D-Tyr_Et.Tyr_ab-dehydroMe.D-Dap.Tyr_ab-dehydroMe.N.Gla.Phe_4Me}$$$$,3.535364234741622
PEPTIDE1{meI.Aca.N.T.dK.Thr_PO3H2.Aca.D-Tyr_Et.Met_O2.D-Dap.Thr_PO3H2.N.H.D-aThr.Phe_4Me}$$$$,3.4734738265844602
PEPTIDE1{meI.Aca.N.T.dK.Aca.Aca.D-Tyr_Et.Tyr_ab-dehydroMe.D-Dap.Thr_PO3H2.N.Thr_PO3H2.Thr_PO3H2.Phe_4Me}$$$$,3.586774526796895
PEPTIDE1{meI.Aca.N.T.dK.Thr_PO3H2.Aca.D-Tyr_Et.Tyr_ab-dehydroMe.D-Dap.Thr_PO3H2.N.Tza.aIle.Phe_4Me}$$$$,2.424672282906293
PEPTIDE1{meI.Aca.N.T.dK.Thr_PO3H2.Aca.D-Tyr_Et.Tyr_ab-dehydroMe.D-Dap.Thr_PO3H2.N.H.Phe_4Br.Phe_4Me}$$$$,2.9172294127977363
PEPTIDE1{meI.Trp_Ome.N.T.W.Thr_PO3H2.D-Hyp.D-Tyr_Et.Tyr_ab-dehydroMe.D-Dap.Thr_PO3H2.N.pnG.Phe_4Me}$$$$,3.415015700517908
PEPTIDE1{meI.Trp_Ome.N.T.W.Thr_PO3H2.D-Hyp.D-Tyr_Et.Tyr_ab-dehydroMe.D-Dap.Thr_PO3H2.N.dV.Phe_4Me}$$$$,0.8276918337036774
PEPTIDE1{meI.Trp_Ome.N.T.dK.Q.D-Hyp.D-Tyr_Et.Tyr_ab-dehydroMe.D-Dap.Thr_PO3H2.N.dV.Phe_4Me}$$$$,2.8970345961216526
PEPTIDE1{meI.hHis.Aca.N.T.dK.Thr_PO3H2.Aca.D-Tyr_Et.Tyr_ab-dehydroMe.D-Dap.E.N.H.aIle.Phe_4Me}$$$$,3.9095583008354367
PEPTIDE1{meI.Trp_Ome.N.T.dK.Q.D-Hyp.D-Tyr_Et.Tyr_ab-dehydroMe.D-Dap.Thr_PO3H2.N.pnG.Phe_4Me}$$$$,4.207594653838088
PEPTIDE1{meI.Trp_Ome.N.T.dK.Thr_PO3H2.D-Hyp.D-Tyr_Et.Tyr_ab-dehydroMe.D-Dap.Thr_PO3H2.N.pnG.Phe_4Me}$$$$,1.6946962591138688
PEPTIDE1{meI.Trp_Ome.N.T.dK.Thr_PO3H2.D-Hyp.D-Tyr_Et.Tyr_ab-dehydroMe.D-Dap.Thr_PO3H2.N.dV.Phe_4Me}$$$$,3.392056065156206
PEPTIDE1{meI.Aca.N.T.dK.Thr_PO3H2.Aca.D-Tyr_Et.Tyr_ab-dehydroMe.D-Dap.Thr_PO3H2.N.pnG.Nle.Phe_4Me}$$$$,3.172319754306337
PEPTIDE1{meI.hHis.Aca.N.T.dK.Thr_PO3H2.Aca.D-Tyr_Et.Tyr_ab-dehydroMe.D-Dap.E.N.H.Phe_4Br.Phe_4Me}$$$$,2.7929233307297068
PEPTIDE1{meI.Aca.N.T.dK.Thr_PO3H2.Aca.D-Tyr_Et.Tyr_ab-dehydroMe.D-Dap.Thr_PO3H2.N.H.aIle.Phe_4Me}$$$$,2.635732561561956
PEPTIDE1{meI.Aca.N.T.dK.Thr_PO3H2.Aca.D-Tyr_Et.Tyr_ab-dehydroMe.D-Dap.Thr_PO3H2.N.pnG.Asp_Ph2NH2.Phe_4Me}$$$$,3.5541148683812467
PEPTIDE1{meI.Aca.N.T.dK.Thr_PO3H2.Aca.D-Tyr_Et.Tyr_ab-dehydroMe.D-Dap.Thr_PO3H2.N.pnG.D-Dap.Phe_4Me}$$$$,3.2380916007575102
PEPTIDE1{meI.hHis.Tyr_3I.Q.T.W.Q.dI.D-Tyr_Et.Tyr_ab-dehydroMe.dV.E.N.pnG.Phe_4Me}$$$$,0.39083013385769627
PEPTIDE1{meI.hHis.Aca.Q.T.W.Q.Aca.D-Tyr_Et.Tyr_ab-dehydroMe.dV.E.N.4Pal.Phe_4Me}$$$$,1.8744624521493123
PEPTIDE1{meI.Aca.N.T.dK.Aca.Aca.D-Tyr_Et.Tyr_ab-dehydroMe.Phe_2F.Thr_PO3H2.N.dV.Phe_4Me}$$$$,3.136115549135378
PEPTIDE1{meI.Aca.N.T.dK.Thr_PO3H2.Aca.D-Tyr_Et.Tyr_ab-dehydroMe.D-Dap.Thr_PO3H2.N.dV.Phe_4Br.Phe_4Me}$$$$,3.994111551543532
PEPTIDE1{meI.hHis.Aca.N.T.W.Thr_PO3H2.Aca.D-Tyr_Et.Tyr_ab-dehydroMe.dV.E.N.pnG.Phe_4Me}$$$$,3.8356956730596483
PEPTIDE1{meI.hHis.Aca.N.T.W.Thr_PO3H2.Aca.D-Tyr_Et.Tyr_ab-dehydroMe.dV.E.N.dV.Phe_4Me}$$$$,2.188102839496768
PEPTIDE1{meI.Aca.N.T.dK.Aca.Aca.D-Tyr_Et.Tyr_ab-dehydroMe.Phe_2F.Thr_PO3H2.N.pnG.Phe_4Me}$$$$,3.992033583067109
PEPTIDE1{meI.Aca.N.T.W.Pyl.Aca.D-Tyr_Et.Tyr_ab-dehydroMe.D-Dap.Thr_PO3H2.N.dV.Phe_4Me}$$$$,3.337431964061718
PEPTIDE1{meI.hHis.Aca.N.T.W.Thr_PO3H2.Aca.D-Tyr_Et.Tyr_ab-dehydroMe.meN.E.N.D-2Thi.Phe_4Me}$$$$,4.227831444370825
PEPTIDE1{meI.hHis.Aca.N.T.dK.Thr_PO3H2.Aca.D-Tyr_Et.Tyr_ab-dehydroMe.meN.E.N.dV.Phe_4Me}$$$$,3.1689906617221784
PEPTIDE1{meI.hHis.Aca.N.T.dK.Thr_PO3H2.Aca.D-Tyr_Et.Tyr_ab-dehydroMe.meN.E.N.dV.Phe_4Me}$$$$,4.136518790697275
PEPTIDE1{meI.Aca.N.T.dK.Thr_PO3H2.Aca.D-Tyr_Et.Tyr_ab-dehydroMe.D-Dap.Thr_PO3H2.N.pnG.Phe_4Br.Phe_4Me}$$$$,3.1820067489091657
PEPTIDE1{meI.hHis.Aca.N.T.dK.Q.Aca.D-Tyr_Et.Tyr_ab-dehydroMe.meN.E.N.dV.Phe_4Me}$$$$,4.47761122950458
PEPTIDE1{meI.Aca.N.T.W.Thr_PO3H2.Aca.D-Tyr_Et.Tyr_ab-dehydroMe.D-Dap.Thr_PO3H2.N.pnG.Phe_4Me}$$$$,3.018128226414822
PEPTIDE1{meI.hHis.Aca.Q.T.W.Q.Aca.D-Tyr_Et.Tyr_ab-dehydroMe.dV.E.N.pnG.Phe_4Me}$$$$,2.6529584002346422
PEPTIDE1{meI.Aca.N.T.W.Thr_PO3H2.Aca.D-Tyr_Et.Tyr_ab-dehydroMe.D-Dap.Thr_PO3H2.N.dV.Phe_4Me}$$$$,3.9524389358490364
PEPTIDE1{meI.hHis.Aca.N.T.dK.Thr_PO3H2.Aca.D-Tyr_Et.Tyr_ab-dehydroMe.meN.E.N.pnG.Phe_4Me}$$$$,3.5715029336455433
PEPTIDE1{meI.hHis.Aca.N.T.dK.Q.Aca.D-Tyr_Et.Tyr_ab-dehydroMe.meN.E.N.pnG.Phe_4Me}$$$$,1.4235935712331502
PEPTIDE1{meI.hHis.Aca.N.T.dK.Thr_PO3H2.Aca.D-Tyr_Et.Tyr_ab-dehydroMe.dV.E.N.pnG.Phe_4Me}$$$$,2.283782928343617
PEPTIDE1{meI.hHis.Aca.N.T.dK.Thr_PO3H2.Aca.D-Tyr_Et.Tyr_ab-dehydroMe.dV.E.N.pnG.Phe_4Me}$$$$,3.0985891963883656
PEPTIDE1{meI.hHis.Aca.N.T.dK.Thr_PO3H2.Aca.D-Tyr_Et.Tyr_ab-dehydroMe.dV.E.N.dV.Phe_4Me}$$$$,3.454722556874866
PEPTIDE1{meI.hHis.Aca.N.T.dK.Thr_PO3H2.Aca.D-Tyr_Et.Tyr_ab-dehydroMe.dV.E.N.dV.Phe_4Me}$$$$,5.7033822028089025
PEPTIDE1{meI.hHis.Aca.N.T.dK.Thr_PO3H2.Aca.D-Tyr_Et.Tyr_ab-dehydroMe.dV.E.N.dV.Phe_4Me}$$$$,3.467321203746624
PEPTIDE1{meI.hHis.Aca.N.T.dK.Q.Aca.D-Tyr_Et.Tyr_ab-dehydroMe.dV.E.N.pnG.Phe_4Me}$$$$,4.739817591481966
PEPTIDE1{meI.hHis.Aca.N.T.dK.Q.Aca.D-Tyr_Et.Tyr_ab-dehydroMe.dV.E.N.dV.Phe_4Me}$$$$,4.701529213367672
PEPTIDE1{meI.Aca.N.T.dK.Thr_PO3H2.Aca.D-Tyr_Et.Tyr_ab-dehydroMe.D-Dap.Thr_PO3H2.N.F.aIle.Phe_4Me}$$$$,3.030551414336338
PEPTIDE1{meI.Aca.N.T.dK.Thr_PO3H2.Aca.D-Tyr_Et.Tyr_ab-dehydroMe.D-Dap.Thr_PO3H2.N.pnG.Phe_4Me}$$$$,3.8720355192593714
PEPTIDE1{meI.Aca.N.T.dK.Thr_PO3H2.Aca.D-Tyr_Et.Tyr_ab-dehydroMe.D-Dap.Thr_PO3H2.N.pnG.Phe_4Me}$$$$,3.4978132073871513
PEPTIDE1{meI.Aca.N.T.dK.Thr_PO3H2.Aca.D-Tyr_Et.Tyr_ab-dehydroMe.D-Dap.Thr_PO3H2.N.pnG.Phe_4Me}$$$$,4.478141207760904
PEPTIDE1{meI.Aca.N.T.dK.Q.Aca.D-Tyr_Et.Tyr_ab-dehydroMe.D-Dap.Thr_PO3H2.N.pnG.Phe_4Me}$$$$,3.0163624070102575
PEPTIDE1{aThr.hHis.Aad.Q.T.W.Q.Aad.D-Tyr_Et.Tyr_ab-dehydroMe.dV.E.N.pnG.Phe_4Me}$$$$,2.0945027280160455
PEPTIDE1{meI.hHis.Aca.N.T.W.Thr_PO3H2.Aca.D-Tyr_Et.Tyr_ab-dehydroMe.meN.E.N.dV.Phe_4Me}$$$$,3.4002195320704547
PEPTIDE1{meI.Aca.N.T.dK.Thr_PO3H2.Aca.D-Tyr_Et.Tyr_ab-dehydroMe.D-Dap.Thr_PO3H2.N.Gla.aIle.Phe_4Me}$$$$,2.0367644284310273
PEPTIDE1{meI.Aca.N.T.dK.Thr_PO3H2.Aca.D-Tyr_Et.Tyr_ab-dehydroMe.D-Dap.Thr_PO3H2.N.Gla.aIle.Phe_4Me}$$$$,2.9222098911634617
PEPTIDE1{meI.Aca.N.T.dK.Thr_PO3H2.Aca.D-Tyr_Et.Tyr_ab-dehydroMe.D-Dap.Thr_PO3H2.N.Gla.aIle.Phe_4Me}$$$$,5.062049839266363
PEPTIDE1{meI.Aca.N.T.dK.Thr_PO3H2.Aca.D-Tyr_Et.Tyr_ab-dehydroMe.D-Dap.Thr_PO3H2.N.Phe_3Cl.aIle.Phe_4Me}$$$$,3.244815183795053
PEPTIDE1{meI.Aca.N.T.dK.Thr_PO3H2.Aca.D-Tyr_Et.Tyr_ab-dehydroMe.D-Dap.Thr_PO3H2.N.Phe_3Cl.aIle.Phe_4Me}$$$$,4.263177739418035
PEPTIDE1{meI.Aca.N.T.dK.Thr_PO3H2.Aca.D-Tyr_Et.Tyr_ab-dehydroMe.D-Dap.Thr_PO3H2.N.Phe_3Cl.aIle.Phe_4Me}$$$$,3.4683279369488096
PEPTIDE1{meI.Aca.N.T.dK.Thr_PO3H2.Aca.D-Tyr_Et.Tyr_ab-dehydroMe.D-Dap.Thr_PO3H2.N.dV.Phe_4Me}$$$$,1.835760414934636
PEPTIDE1{meI.Aca.N.T.dK.Thr_PO3H2.Aca.D-Tyr_Et.Tyr_ab-dehydroMe.D-Dap.Thr_PO3H2.N.dV.Phe_4Me}$$$$,1.9866513594522224
PEPTIDE1{meI.Aca.N.T.dK.Thr_PO3H2.Aca.D-Tyr_Et.Tyr_ab-dehydroMe.D-Dap.Thr_PO3H2.N.dV.Phe_4Me}$$$$,3.8514738051400306
PEPTIDE1{meI.Aca.N.T.dK.Q.Aca.D-Tyr_Et.Tyr_ab-dehydroMe.D-Dap.Thr_PO3H2.N.dV.Phe_4Me}$$$$,4.46526714674578
PEPTIDE1{meI.hHis.Hcy.Q.T.W.Q.Phe_4NH2.D-Tyr_Et.Tyr_ab-dehydroMe.dV.pnG.N.H.Phe_4Me}$$$$,4.643141887918894
PEPTIDE1{aThr.hHis.Hcy.Q.T.W.Q.Phe_4NH2.D-Tyr_Et.Tyr_ab-dehydroMe.dV.E.N.pnG.Phe_4Me}$$$$,3.8148697862298575
PEPTIDE1{meI.Thr_PO3H2.Hcy.Q.T.W.Q.Phe_4NH2.D-Tyr_Et.Tyr_ab-dehydroMe.dV.Cys_SEt.N.pnG.Phe_4Me}$$$$,3.593599292485175
PEPTIDE1{meI.Thr_PO3H2.Hcy.Q.T.W.Q.Phe_4NH2.D-Tyr_Et.Tyr_ab-dehydroMe.dV.Cys_SEt.N.pnG.Phe_4Me}$$$$,3.669231580954177
PEPTIDE1{meI.Aca.Q.T.W.Thr_PO3H2.Aca.D-Tyr_Et.Tyr_ab-dehydroMe.D-Dap.Thr_PO3H2.N.dV.Phe_4Me}$$$$,2.866951287705275
PEPTIDE1{aThr.hHis.Hcy.Q.T.W.Q.Aca.D-Tyr_Et.Tyr_ab-dehydroMe.dV.E.N.pnG.Phe_4Me}$$$$,5.028832703607506
PEPTIDE1{meI.Aca.Q.T.W.Thr_PO3H2.Aca.D-Tyr_Et.Tyr_ab-dehydroMe.D-Dap.Thr_PO3H2.N.pnG.Phe_4Me}$$$$,2.4586502941827617
PEPTIDE1{D-Nva.hHis.Hcy.Q.T.W.Q.Phe_4NH2.D-Tyr_Et.Tyr_ab-dehydroMe.dV.E.N.dV.Phe_4Me}$$$$,1.45797680079006
PEPTIDE1{D-Nva.hHis.Hcy.Q.T.W.Q.Phe_4NH2.D-Tyr_Et.Tyr_ab-dehydroMe.dV.E.N.dV.Phe_4Me}$$$$,1.7760977296947185
PEPTIDE1{meI.hHis.Hcy.Q.T.W.Q.Phe_4NH2.D-Tyr_Et.Tyr_ab-dehydroMe.dV.pnG.N.Aca.Phe_4Me}$$$$,3.2272847613335096
PEPTIDE1{meI.hHis.Hcy.Q.T.W.Q.Phe_4NH2.D-Tyr_Et.Tyr_ab-dehydroMe.dV.E.N.D-Trp_2Me.Phe_4Me}$$$$,2.81102547286724
PEPTIDE1{meI.hHis.Hcy.Q.T.W.Q.Phe_4NH2.D-Tyr_Et.Tyr_ab-dehydroMe.dV.pnG.N.Dsu.Phe_4Me}$$$$,2.4441239563114454
PEPTIDE1{meI.hHis.Hcy.Q.T.W.Q.Phe_4NH2.D-Tyr_Et.Tyr_ab-dehydroMe.dV.pnG.N.aMePhe.Phe_4Me}$$$$,3.2571970707652835
PEPTIDE1{meI.Aca.N.T.dK.Thr_PO3H2.Aca.D-Tyr_Et.Tyr_ab-dehydroMe.D-Dap.Thr_PO3H2.N.Phe_3Cl.Phe_4Me}$$$$,4.225757086917822
PEPTIDE1{meI.Aca.N.T.dK.Thr_PO3H2.Aca.D-Tyr_Et.Tyr_ab-dehydroMe.D-Dap.Thr_PO3H2.N.Gla.Phe_4Me}$$$$,2.821574437443178
PEPTIDE1{meI.Aca.N.T.dK.Thr_PO3H2.Aca.D-Tyr_Et.Tyr_ab-dehydroMe.D-Dap.Thr_PO3H2.N.Gla.Phe_4Me}$$$$,4.805842637163391
PEPTIDE1{meI.Aca.N.T.dK.Thr_PO3H2.Aca.D-Tyr_Et.Tyr_ab-dehydroMe.D-Dap.Thr_PO3H2.N.Gla.Phe_4Me}$$$$,4.036117034754688
PEPTIDE1{meI.Aca.N.T.dK.Thr_PO3H2.Aca.D-Tyr_Et.Tyr_ab-dehydroMe.D-Dap.Thr_PO3H2.N.P.Phe_4Me}$$$$,3.006089836722285
PEPTIDE1{meI.Aca.N.T.dK.Thr_PO3H2.Aca.D-Tyr_Et.Tyr_ab-dehydroMe.D-Dap.Thr_PO3H2.N.V.Phe_4Me}$$$$,4.444787344125009
PEPTIDE1{meI.Aca.N.T.dK.Thr_PO3H2.Aca.D-Tyr_Et.Tyr_ab-dehydroMe.D-Dap.Thr_PO3H2.N.Thr_PO3H2.Phe_4Me}$$$$,2.0698085605085366
PEPTIDE1{meI.Aca.N.T.dK.Aca.Aca.D-Tyr_Et.Tyr_ab-dehydroMe.D-Dap.Thr_PO3H2.N.Thr_PO3H2.Phe_4Me}$$$$,5.081995608653538
PEPTIDE1{meI.Aca.Aca.T.dK.Q.Aca.D-Tyr_Et.Tyr_ab-dehydroMe.D-Dap.Thr_PO3H2.N.Thr_PO3H2.Phe_4Me}$$$$,2.4899696807571896
PEPTIDE1{meI.Aca.N.T.dK.Aca.Aca.D-Tyr_Et.Tyr_ab-dehydroMe.Aca.Thr_PO3H2.N.Thr_PO3H2.Phe_4Me}$$$$,4.613725525405598
PEPTIDE1{meI.Aca.A.T.W.Q.Aca.D-Tyr_Et.Tyr_ab-dehydroMe.Aca.Thr_PO3H2.N.N.Phe_4Me}$$$$,1.7946103096834447
PEPTIDE1{meI.Aca.N.T.dK.Q.Aca.D-Tyr_Et.Tyr_ab-dehydroMe.Aca.Thr_PO3H2.Lys_Me3.Thr_PO3H2.Phe_4Me}$$$$,3.4705679181637605
PEPTIDE1{meI.Aca.N.T.dK.Q.Aca.D-Tyr_Et.Tyr_ab-dehydroMe.Aca.Thr_PO3H2.Orn.Thr_PO3H2.Phe_4Me}$$$$,1.617997492077216
PEPTIDE1{meI.Aca.N.T.dK.Thr_PO3H2.Aca.D-Tyr_Et.Tyr_ab-dehydroMe.D-Dap.Thr_PO3H2.N.Aca.Phe_4Me}$$$$,2.8046835864551194
PEPTIDE1{meI.Aca.N.T.dK.Thr_PO3H2.Aca.D-Tyr_Et.Tyr_ab-dehydroMe.D-Dap.Thr_PO3H2.N.L.Phe_4Me}$$$$,3.2576769820025215
PEPTIDE1{meI.hHis.Aca.Q.T.W.Q.Aca.D-Tyr_Et.Tyr_ab-dehydroMe.dV.Phe_4F.N.F.Phe_4Me}$$$$,2.317462238423542
PEPTIDE1{meI.hHis.Aca.Q.T.W.Q.Aca.D-Tyr_Et.Tyr_ab-dehydroMe.dV.Pyl.N.F.Phe_4Me}$$$$,2.68791131170907
PEPTIDE1{meI.hHis.Aca.Q.T.W.Q.Aca.D-Tyr_Et.Tyr_ab-dehydroMe.dV.Cya.N.F.Phe_4Me}$$$$,0.39572875428258025
PEPTIDE1{meI.hHis.Aca.Q.T.W.Q.Aca.D-Tyr_Et.Tyr_ab-dehydroMe.dV.Hse.N.F.Phe_4Me}$$$$,1.598377824998972
PEPTIDE1{meI.hHis.Aca.Q.T.W.Q.Aca.D-Tyr_Et.Tyr_ab-dehydroMe.dV.Pro_4Me3OH.N.dV.Phe_4Me}$$$$,3.195590983699286
PEPTIDE1{meI.hHis.Aca.Q.T.W.Q.Aca.D-Tyr_Et.Tyr_ab-dehydroMe.dV.D-2Pal.N.dV.Phe_4Me}$$$$,1.880882547449577
PEPTIDE1{meI.hHis.Aca.Q.T.W.Q.Aca.D-Tyr_Et.Tyr_ab-dehydroMe.dV.Phe_2F.N.F.Phe_4Me}$$$$,2.3423266877758175
PEPTIDE1{meI.hHis.Aca.Q.T.W.Q.Aca.D-Tyr_Et.Tyr_ab-dehydroMe.dV.Pro_4Me3OH.N.F.Phe_4Me}$$$$,3.677427165308661
PEPTIDE1{meI.hHis.Aca.Q.T.W.Q.Aca.D-Tyr_Et.Tyr_ab-dehydroMe.dV.D-2Pal.N.F.Phe_4Me}$$$$,2.879038934720576
PEPTIDE1{meI.hHis.Aca.Q.T.W.Q.Aca.D-Tyr_Et.Tyr_ab-dehydroMe.dV.Hse.N.dV.Phe_4Me}$$$$,3.9818382039865536
PEPTIDE1{meI.hHis.Aca.Q.T.W.Q.Aca.D-Tyr_Et.Tyr_ab-dehydroMe.dV.Phe_2F.N.dV.Phe_4Me}$$$$,3.3963959999086826
PEPTIDE1{meI.hHis.Hcy.Q.T.W.Q.Phe_4NH2.D-Tyr_Et.Tyr_ab-dehydroMe.dV.D-Bmt.N.pnG.Phe_4Me}$$$$,4.166712346036218
PEPTIDE1{hHis.Hcy.Q.T.W.Q.Phe_4NH2.D-Bmt_E.Tyr_ab-dehydroMe.dV.E.N.dV.Phe_4Me}$$$$,3.3878050307313172
PEPTIDE1{hHis.Hcy.Q.T.W.Q.Phe_4NH2.D-Bmt_E.Tyr_ab-dehydroMe.dV.E.N.dV.Phe_4Me}$$$$,2.132295915940974
PEPTIDE1{meI.hHis.Hcy.Q.T.W.Q.Phe_4NH2.D-Tyr_Et.Tyr_ab-dehydroMe.dV.pnG.N.meL.Phe_4Me}$$$$,3.591910748581431
PEPTIDE1{meI.hHis.Hcy.Q.T.W.Q.Phe_4NH2.D-Tyr_Et.Tyr_ab-dehydroMe.dV.pnG.N.D-Thz.Phe_4Me}$$$$,3.8537585039311977
PEPTIDE1{meI.hHis.Aca.Q.T.W.Q.Aca.D-Tyr_Et.Tyr_ab-dehydroMe.dV.E.N.N.aIle.Phe_4Me}$$$$,4.74366369873496
PEPTIDE1{meI.hHis.Hcy.Q.T.W.Q.Phe_4NH2.D-Tyr_Et.Tyr_ab-dehydroMe.D-Bmt.pnG.N.F.D-Thz.D-Dap.Phe_4Me}$$$$,2.7903968418202747
PEPTIDE1{meI.hHis.Aca.Q.T.W.Q.Aca.D-Tyr_Et.Tyr_ab-dehydroMe.dV.pnG.N.F.aIle.Phe_4Me}$$$$,2.905877658910768
PEPTIDE1{meI.hHis.Hcy.Q.T.W.Q.Phe_4NH2.D-Tyr_Et.Tyr_ab-dehydroMe.dV.D-Thz.N.F.Phe_4Me}$$$$,4.404306598878019
PEPTIDE1{aThr.hHis.Hcy.Q.T.W.Q.Aca.D-Tyr_Et.Tyr_ab-dehydroMe.dV.E.N.F.Phe_4Me}$$$$,3.043968561694079
PEPTIDE1{meI.hHis.Hcy.Q.T.W.Q.Phe_4NH2.D-Tyr_Et.Tyr_ab-dehydroMe.dV.pnG.N.F.D-Thz.D-Dap.Phe_4Me}$$$$,4.870829021784436
PEPTIDE1{meI.hHis.Hcy.Q.T.W.Q.Phe_4NH2.D-Tyr_Et.Tyr_ab-dehydroMe.dV.E.N.D-Bmt.Phe_4Me}$$$$,3.0726490045428396
PEPTIDE1{meI.hHis.Hcy.Q.T.W.Q.Phe_4NH2.D-Tyr_Et.Tyr_ab-dehydroMe.D-Bmt.E.N.dV.Phe_4Me}$$$$,1.9573154908004569
PEPTIDE1{meI.hHis.Trp_Ome.Q.T.W.Q.Aca.D-Tyr_Et.Tyr_ab-dehydroMe.D-Bmt.pnG.N.pnG.Phe_4Me}$$$$,1.6770282006184876
PEPTIDE1{meI.hHis.Hcy.Q.T.W.Q.Cys_SEt.D-Tyr_Et.Tyr_ab-dehydroMe.D-Bmt.pnG.N.dV.Phe_4Me}$$$$,3.815388850719459
PEPTIDE1{meI.hHis.Hcy.Q.T.W.Q.Phe_4NH2.D-Tyr_Et.Tyr_ab-dehydroMe.D-Bmt.pnG.N.dV.Phe_4Me}$$$$,3.702932644879558
PEPTIDE1{meI.hHis.Hcy.Q.T.W.Q.Phe_4NH2.D-Tyr_Et.Tyr_ab-dehydroMe.dV.pnG.N.dV.Phe_4Me}$$$$,2.125425759024697
PEPTIDE1{meI.hHis.Hcy.Q.T.W.Q.Phe_4NH2.D-Tyr_Et.Tyr_ab-dehydroMe.dV.pnG.N.Tyr_3NO2.Phe_4Me}$$$$,3.018666288647628
PEPTIDE1{meI.hHis.Hcy.Q.T.W.Q.Phe_4NH2.D-Tyr_Et.Tyr_ab-dehydroMe.dV.pnG.N.Tyr_ab-dehydroMe.Phe_4Me}$$$$,1.8706427448425664
PEPTIDE1{meI.hHis.Hcy.Q.T.W.Q.Phe_4NH2.D-Tyr_Et.Tyr_ab-dehydroMe.dV.pnG.N.NMebAla.Phe_4Me}$$$$,2.604718443615213
PEPTIDE1{aThr.hHis.Aca.Q.T.W.Q.Aca.D-Tyr_Et.Tyr_ab-dehydroMe.dV.D-Abu.N.F.Phe_4Me}$$$$,3.3166782013620484
PEPTIDE1{D-Tic.Hcy.Q.T.W.Q.Phe_4NH2.D-Tyr_Et.Tyr_ab-dehydroMe.dV.Cys_SEt.N.dV.Phe_4Me}$$$$,3.201791687206418
PEPTIDE1{meI.hHis.Hcy.Q.T.W.Q.Phe_4NH2.D-Tyr_Et.Tyr_ab-dehydroMe.dV.pnG.N.Sta_3xi4xi.Phe_4Me}$$$$,1.5807220584805357
PEPTIDE1{meI.hHis.Hcy.Q.T.W.Q.Phe_4NH2.D-Tyr_Et.Tyr_ab-dehydroMe.dV.pnG.N.Tic.Phe_4Me}$$$$,2.5359198477103373
PEPTIDE1{meI.hHis.Hcy.Q.T.W.Q.Phe_4NH2.D-Tyr_Et.Tyr_ab-dehydroMe.dV.Q.N.D-2Thi.Phe_4Me}$$$$,2.7876142996250435
PEPTIDE1{meI.hHis.Hcy.Q.T.W.Q.Phe_4NH2.D-Tyr_Et.Tyr_ab-dehydroMe.D-Bmt.pnG.N.D-2Thi.Phe_4Me}$$$$,2.965512532223243
PEPTIDE1{meI.hHis.Hcy.Q.T.W.Q.Phe_4NH2.D-Tyr_Et.Tyr_ab-dehydroMe.D-Bmt.pnG.N.F.D-Thz.Phe_4Me}$$$$,3.024737282621356
PEPTIDE1{meI.hHis.Hcy.Q.T.W.Q.Phe_4NH2.D-Tyr_Et.Tyr_ab-dehydroMe.D-Bmt.pnG.N.F.Phe_4Me}$$$$,0.22229628807463575
PEPTIDE1{meI.hHis.Hcy.Q.T.W.Q.Phe_4NH2.D-Abu.Tyr_ab-dehydroMe.dV.E.N.Bmt.Phe_4Me}$$$$,2.091436678749363
PEPTIDE1{meI.hHis.Hcy.Q.T.W.Q.Phe_4NH2.D-Tyr_Et.Asp_OMe.dV.E.N.Bmt.Phe_4Me}$$$$,1.7750152550196092
PEPTIDE1{D-Tic.Hcy.Q.T.W.Q.Phe_4NH2.D-Tyr_Et.Tyr_ab-dehydroMe.dV.Cys_SEt.Phe_4Me}$$$$,4.937401017645132
PEPTIDE1{aThr.hHis.Aca.Q.T.W.Q.Aca.D-Tyr_Et.Tyr_ab-dehydroMe.dV.Lys_Me3.N.F.Phe_4Me}$$$$,2.415119633894068
PEPTIDE1{meT.hHis.Hcy.Q.T.W.Q.Phe_4NH2.D-Tyr_Et.Tyr_ab-dehydroMe.dV.Cys_SEt.N.dV.Phe_4Me}$$$$,3.6066941444815472
PEPTIDE1{D-Nva.hHis.Hcy.Q.T.W.Q.Phe_4NH2.D-Abu.Tyr_ab-dehydroMe.dV.E.N.dV.Phe_4Me}$$$$,1.4652167920181927
PEPTIDE1{meI.hHis.Hcy.Q.T.W.Q.Phe_4NH2.D-Tyr_Et.Tyr_ab-dehydroMe.dV.E.N.Bmt.Phe_4Me}$$$$,4.794742772075172
PEPTIDE1{meI.hHis.Hcy.Q.T.W.Q.Phe_4NH2.D-Tyr_Et.Phe_4Me.dV.E.N.Bmt.Phe_4Me}$$$$,2.122739090480466
PEPTIDE1{meI.hHis.Hcy.Q.T.W.Q.Phe_4NH2.D-Tyr_Et.Tyr_ab-dehydroMe.D-Bmt.E.N.D-Bmt.Phe_4Me}$$$$,2.610910026203264
PEPTIDE1{meI.Bux.Hcy.Q.T.W.Q.Phe_4NH2.D-Tyr_Et.Tyr_ab-dehydroMe.dV.Cys_SEt.N.Bmt.Phe_4Me}$$$$,1.7159123240099714
PEPTIDE1{meI.hHis.Hcy.Q.T.W.Q.Phe_4NH2.D-Tyr_Et.Tyr_ab-dehydroMe.meN.E.N.Bmt.Phe_4Me}$$$$,4.226386523754394
PEPTIDE1{aThr.hHis.Aca.Q.T.W.Q.Aca.D-Tyr_Et.Tyr_ab-dehydroMe.dV.E.N.pnG.Phe_4Me}$$$$,2.65045941649454
PEPTIDE1{aThr.hHis.Aca.Q.T.W.Q.Aca.D-Tyr_Et.Tyr_ab-dehydroMe.dV.E.N.pnG.Phe_4Me}$$$$,3.55884065830238
PEPTIDE1{aThr.hHis.Aca.Q.T.W.Q.Aca.D-Tyr_Et.Tyr_ab-dehydroMe.dV.E.N.pnG.Phe_4Me}$$$$,3.829534781958408
PEPTIDE1{aThr.hHis.Trp_Ome.Q.T.W.Q.Aca.D-Tyr_Et.Tyr_ab-dehydroMe.dV.E.N.pnG.Phe_4Me}$$$$,1.9411126185525158
PEPTIDE1{meI.hHis.Aca.Q.T.W.Q.Aca.D-Tyr_Et.Tyr_ab-dehydroMe.dV.Pyl.N.dV.Phe_4Me}$$$$,3.905313452035377
PEPTIDE1{meI.hHis.Aca.Q.T.W.Q.Aca.D-Tyr_Et.Tyr_ab-dehydroMe.dV.Lys_Me3.N.dV.Phe_4Me}$$$$,2.714047406381005
PEPTIDE1{D-Pip.hHis.Aca.Q.T.W.Q.Aca.D-Tyr_Et.Tyr_ab-dehydroMe.dV.E.N.dV.Phe_4Me}$$$$,1.218965477069266
PEPTIDE1{meA.hHis.Hcy.Q.T.W.Q.Phe_4NH2.D-Abu.Tyr_ab-dehydroMe.dV.E.N.dV.Phe_4Me}$$$$,1.913818506553081
PEPTIDE1{meI.hHis.Hcy.Q.T.W.Q.Phe_4NH2.D-Tyr_Et.Aca.dV.E.N.Bmt.Phe_4Me}$$$$,2.95153355630326
PEPTIDE1{meI.hHis.Hcy.Q.T.Tyr_ab-dehydroMe.Q.Phe_4NH2.D-Tyr_Et.Tyr_ab-dehydroMe.dV.E.N.Bmt.Phe_4Me}$$$$,1.2074448502376243
PEPTIDE1{meI.hHis.Hcy.Q.T.Aca.Q.Phe_4NH2.D-Tyr_Et.Tyr_ab-dehydroMe.dV.E.N.Bmt.Phe_4Me}$$$$,4.164869803570481
PEPTIDE1{meI.hHis.Hcy.Q.T.W.Q.Phe_4NH2.D-Tyr_Et.Tyr_ab-dehydroMe.dV.E.N.N.aIle.Phe_4Me}$$$$,4.488922539359001
PEPTIDE1{D-Tyr_Et.hHis.Aca.Q.T.W.Q.Aca.D-Tyr_Et.Tyr_ab-dehydroMe.dV.E.N.dV.Phe_4Me}$$$$,1.52850979569379
PEPTIDE1{aThr.hHis.Hcy.Q.T.W.Q.Phe_4NH2.D-Abu.Tyr_ab-dehydroMe.dV.E.N.dV.Phe_4Me}$$$$,2.2389280745230007
PEPTIDE1{aThr.hHis.Hcy.Q.T.W.Q.Phe_4NH2.D-Tyr_Et.Tyr_ab-dehydroMe.dV.E.N.dV.Phe_4Me}$$$$,3.658618829948694
PEPTIDE1{aThr.hHis.Hcy.Q.T.W.Q.Phe_4NH2.D-Tyr_Et.Tyr_ab-dehydroMe.dV.E.N.dV.Phe_4Me}$$$$,3.2616351890300512
PEPTIDE1{aThr.hHis.Hcy.Q.T.W.Q.Phe_4NH2.D-Tyr_Et.Tyr_ab-dehydroMe.dV.E.N.dV.Phe_4Me}$$$$,2.986806800093327
PEPTIDE1{meI.hHis.Hcy.Q.T.W.Q.Phe_4NH2.dP.Tyr_ab-dehydroMe.dV.E.N.Bmt.Phe_4Me}$$$$,3.9470999528598734
PEPTIDE1{meI.hHis.Hcy.Q.T.W.Q.Phe_4NH2.D-Hyp.Tyr_ab-dehydroMe.dV.E.N.Bmt.Phe_4Me}$$$$,2.30319720520303
PEPTIDE1{meI.hHis.Hcy.Q.T.W.Q.Phe_4NH2.D-Orn.Tyr_ab-dehydroMe.dV.E.N.Bmt.Phe_4Me}$$$$,0.8171866991905496
PEPTIDE1{aThr.hHis.Trp_Ome.Q.T.W.Q.Aca.D-Tyr_Et.Tyr_ab-dehydroMe.dV.E.N.dV.Phe_4Me}$$$$,2.8758147880041074
PEPTIDE1{meA.hHis.Aca.Q.T.W.Q.Aca.D-Abu.Tyr_ab-dehydroMe.dV.E.N.dV.Phe_4Me}$$$$,2.2842544940288447
PEPTIDE1{meI.hHis.Hcy.Q.T.W.Q.Phe_4NH2.dL.Tyr_ab-dehydroMe.dV.E.N.Bmt.Phe_4Me}$$$$,3.922345384019267
PEPTIDE1{meI.hHis.Hcy.Q.T.W.Q.Phe_4NH2.meT.Tyr_ab-dehydroMe.dV.E.N.Bmt.Phe_4Me}$$$$,0.9182663257624695
PEPTIDE1{meI.hHis.Hcy.Q.T.W.Q.Phe_4NH2.Phe_2F.Tyr_ab-dehydroMe.dV.E.N.Bmt.Phe_4Me}$$$$,3.0635734411391327
PEPTIDE1{meI.hHis.Hcy.Q.T.W.Q.Phe_4NH2.D-Tyr_Et.Tyr_ab-dehydroMe.dV.E.Bmt.Phe_4Me}$$$$,2.340774613027704
PEPTIDE1{meI.hHis.Hcy.Q.T.W.Q.Phe_4NH2.D-Tyr_Et.Tyr_ab-dehydroMe.dV.E.N.F.Phe_4Me}$$$$,3.5880640562793045
PEPTIDE1{meI.hHis.Hcy.Q.T.W.Q.Phe_4NH2.D-Tyr_Et.Tyr_ab-dehydroMe.dV.E.N.E.Phe_4Me}$$$$,2.063176071576802
PEPTIDE1{meI.hHis.Hcy.Q.T.W.Q.Phe_4NH2.D-Tyr_Et.Tyr_ab-dehydroMe.dV.E.N.Thr_PO3H2.Phe_4Me}$$$$,0.48168632533327127
PEPTIDE1{meI.hHis.Hcy.Q.T.W.Q.Phe_4NH2.D-Tyr_Et.Tyr_ab-dehydroMe.dV.pnG.N.Bmt.Phe_4Me}$$$$,3.749557561174825
PEPTIDE1{meI.hHis.Hcy.Q.T.W.Q.Phe_4NH2.D-Tyr_Et.Tyr_ab-dehydroMe.dV.E.dV.Phe_4Me}$$$$,2.8526666966016605
PEPTIDE1{meI.hHis.Hcy.Q.T.W.Q.Phe_4NH2.D-Tyr_Et.Tyr_ab-dehydroMe.dV.E.Phe_4Me}$$$$,4.261664909877169
PEPTIDE1{meI.hHis.Hcy.Q.T.W.Q.Phe_4NH2.Aze.Tyr_ab-dehydroMe.dV.E.N.Bmt.Phe_4Me}$$$$,1.7164067692106968
PEPTIDE1{meI.hHis.Hcy.Q.T.W.Q.Phe_4NH2.D-Tyr_Et.Tyr_ab-dehydroMe.dV.E.N.D-Dab.Phe_4Me}$$$$,3.816963312707516
PEPTIDE1{meI.hHis.Hcy.Q.T.W.Q.Phe_4NH2.dR.Tyr_ab-dehydroMe.dV.E.N.Bmt.Phe_4Me}$$$$,2.0560574034413936
PEPTIDE1{aThr.hHis.Aca.Q.T.W.Q.Aca.D-Abu.Tyr_ab-dehydroMe.dV.E.N.dV.Phe_4Me}$$$$,2.114041743892854
PEPTIDE1{meI.meV.A.Q.T.W.Q.A.D-Tyr_Et.Tyr_ab-dehydroMe.dV.Phe_4NH2.N.dV.Phe_4Me}$$$$,1.92279808592196
PEPTIDE1{meI.hHis.Hcy.Q.T.W.Q.Phe_4NH2.D-Tyr_Et.Tyr_ab-dehydroMe.dV.E.N.Phe_4Me}$$$$,3.158831247526151
PEPTIDE1{meI.hHis.Aca.Q.T.W.Q.Aca.D-Tyr_Et.Tyr_ab-dehydroMe.dV.pnG.N.Bmt.Phe_4Me}$$$$,3.415335237086213
PEPTIDE1{meI.hHis.Hcy.Q.T.W.Q.Phe_4NH2.D-Tyr_Et.Tyr_ab-dehydroMe.D-Bmt.E.N.Bmt.Phe_4Me}$$$$,1.379733253341146
PEPTIDE1{meI.hHis.Aca.Q.T.W.Q.Aca.D-Tyr_Et.Tyr_ab-dehydroMe.dV.Pyl.N.Bmt.Phe_4Me}$$$$,0.27086201777792374
PEPTIDE1{meI.hHis.Aca.Q.T.W.Q.Aca.D-Tyr_Et.Tyr_ab-dehydroMe.dV.His_1Me.N.Bmt.Phe_4Me}$$$$,3.2168912247438346
PEPTIDE1{meI.hHis.Aca.Q.T.W.Q.Aca.D-Tyr_Et.Tyr_ab-dehydroMe.dV.Cya.N.Bmt.Phe_4Me}$$$$,3.1517120109262207
PEPTIDE1{meI.hHis.Aca.Q.T.W.Q.Aca.D-Tyr_Et.Tyr_ab-dehydroMe.dV.Lys_Me3.N.Bmt.Phe_4Me}$$$$,2.267307262223912
PEPTIDE1{meI.hHis.Aca.Q.T.W.Q.Aca.D-Tyr_Et.Tyr_ab-dehydroMe.dV.Tyr_ab-dehydroMe.N.Bmt.Phe_4Me}$$$$,2.330469460951691
PEPTIDE1{meI.hHis.Aca.Q.T.W.Q.Aca.D-Tyr_Et.Tyr_ab-dehydroMe.dV.Phe_34diCl.N.Bmt.Phe_4Me}$$$$,1.1962728218833063
PEPTIDE1{meI.hHis.Aca.Q.T.W.Q.Aca.D-Tyr_Et.Tyr_ab-dehydroMe.dV.Phe_4F.N.Bmt.Phe_4Me}$$$$,3.157543349633621
PEPTIDE1{meI.hHis.Aca.Q.T.W.Q.Aca.D-Tyr_Et.Tyr_ab-dehydroMe.dV.Phe_2F.N.Bmt.Phe_4Me}$$$$,3.479670939947787
PEPTIDE1{meI.hHis.Aca.Q.T.W.Q.Aca.D-Tyr_Et.Tyr_ab-dehydroMe.dV.Hse.N.Bmt.Phe_4Me}$$$$,2.3433284892939024
PEPTIDE1{meI.hHis.Aca.Q.T.W.Q.Aca.D-Tyr_Et.Tyr_ab-dehydroMe.dV.Pro_4Me3OH.N.Bmt.Phe_4Me}$$$$,2.067601515189637
PEPTIDE1{meI.hHis.Aca.Q.T.W.Q.Aca.D-Tyr_Et.Tyr_ab-dehydroMe.dV.D-2Pal.N.Bmt.Phe_4Me}$$$$,3.1293376249371736
PEPTIDE1{4Pal.hHis.Aca.Q.T.W.Q.Aca.D-Tyr_Et.Tyr_ab-dehydroMe.dV.E.N.Bmt.Phe_4Me}$$$$,1.9495171759033658
PEPTIDE1{D-Tyr_Et.hHis.Aca.Q.T.W.Q.Aca.D-Tyr_Et.Tyr_ab-dehydroMe.dV.E.N.Bmt.Phe_4Me}$$$$,3.2470823547097636
PEPTIDE1{aMeTyr_3OH.hHis.Aca.Q.T.W.Q.Aca.D-Tyr_Et.Tyr_ab-dehydroMe.dV.E.N.Bmt.Phe_4Me}$$$$,1.0376197070032935
PEPTIDE1{D-Hyp.hHis.Aca.Q.T.W.Q.Aca.D-Tyr_Et.Tyr_ab-dehydroMe.dV.E.N.Bmt.Phe_4Me}$$$$,2.794734658010431
PEPTIDE1{hPhe.hHis.Aca.Q.T.W.Q.Aca.D-Tyr_Et.Tyr_ab-dehydroMe.dV.E.N.Bmt.Phe_4Me}$$$$,3.1418194571114264
PEPTIDE1{D-Cha.hHis.Aca.Q.T.W.Q.Aca.D-Tyr_Et.Tyr_ab-dehydroMe.dV.E.N.Bmt.Phe_4Me}$$$$,3.515774844415832
PEPTIDE1{D-Cit.hHis.Aca.Q.T.W.Q.Aca.D-Tyr_Et.Tyr_ab-dehydroMe.dV.E.N.Bmt.Phe_4Me}$$$$,4.511219910644476
"PEPTIDE1{[L-hArg(Et,Et)].hHis.Aca.Q.T.W.Q.Aca.D-Tyr_Et.Tyr_ab-dehydroMe.dV.E.N.Bmt.Phe_4Me}$$$$",1.718996048903543
PEPTIDE1{D-Pip.hHis.Aca.Q.T.W.Q.Aca.D-Tyr_Et.Tyr_ab-dehydroMe.dV.E.N.Bmt.Phe_4Me}$$$$,3.280243278344309
PEPTIDE1{meI.hHis.Phe_4NH2.Q.T.W.Q.A.D-Tyr_Et.Tyr_ab-dehydroMe.dV.Aca.N.dV.Phe_4Me}$$$$,3.439973801104992
PEPTIDE1{aThr.hHis.Aca.Q.T.W.Q.Aca.D-Tyr_Et.Tyr_ab-dehydroMe.dV.Q.N.dV.Phe_4Me}$$$$,3.870066006558282
PEPTIDE1{aThr.hHis.Aca.Q.T.W.Q.Aca.D-Tyr_Et.Tyr_ab-dehydroMe.dV.E.N.Tyr_35diI.Phe_4Me}$$$$,3.1013398536615124
PEPTIDE1{meI.hHis.Phe_4NH2.Q.T.W.Q.A.D-Tyr_Et.Tyr_ab-dehydroMe.dV.Aca.N.Bmt.Phe_4Me}$$$$,2.5329115670185924
PEPTIDE1{aThr.hHis.Hcy.Q.T.W.Q.Phe_4NH2.D-Tyr_Et.Tyr_ab-dehydroMe.dV.Q.N.N.Phe_4Me}$$$$,2.978703528221654
PEPTIDE1{meI.hHis.Aca.Q.T.W.Q.Aca.D-Tyr_Et.Tyr_ab-dehydroMe.dV.E.Pip.Phe_4Me}$$$$,3.7798396476838914
PEPTIDE1{aThr.hHis.Aca.Q.T.W.Q.Aca.D-Tyr_Et.Tyr_ab-dehydroMe.dV.E.N.N.Phe_4Me}$$$$,3.882068061002739
PEPTIDE1{meI.hHis.Aca.Q.T.W.Q.Aca.D-Tyr_Et.Tyr_ab-dehydroMe.dV.E.N.Tyr_35diI.Phe_4Me}$$$$,0.7611563537226194
PEPTIDE1{aThr.hHis.Aca.Q.T.W.Q.Aca.D-Tyr_Et.Tyr_ab-dehydroMe.dV.E.N.dV.Phe_4Me}$$$$,2.0094919288223285
PEPTIDE1{aThr.hHis.Aca.Q.T.W.Q.Aca.D-Tyr_Et.Tyr_ab-dehydroMe.dV.E.N.dV.Phe_4Me}$$$$,1.3389947479092863
PEPTIDE1{aThr.hHis.Aca.Q.T.W.Q.Aca.D-Tyr_Et.Tyr_ab-dehydroMe.dV.E.N.dV.Phe_4Me}$$$$,2.541985416495334
PEPTIDE1{aThr.hHis.Aca.Q.T.W.Q.Aca.D-Tyr_Et.Tyr_ab-dehydroMe.dV.E.N.dV.Phe_4Me}$$$$,2.6075258860292894
PEPTIDE1{meI.hHis.Phe_4NH2.Q.T.W.Q.Thr_PO3H2.D-Tyr_Et.Tyr_ab-dehydroMe.dV.Aca.N.N.Phe_4Me}$$$$,2.2778290720975614
PEPTIDE1{meI.hHis.Aca.Q.T.W.Q.Aca.D-Tyr_Et.Tyr_ab-dehydroMe.dV.E.N.Val_3OH.Phe_4Me}$$$$,2.372194602349973
PEPTIDE1{aThr.hHis.Aca.Q.T.W.Q.Aca.D-Tyr_Et.Tyr_ab-dehydroMe.dV.Q.N.N.Phe_4Me}$$$$,4.766100823496329
PEPTIDE1{meI.hHis.Aca.Q.T.W.Q.Aca.D-Tyr_Et.Tyr_ab-dehydroMe.dV.E.N.Bmt.Phe_4Me}$$$$,1.3272504220357146
PEPTIDE1{meI.hHis.Aca.Q.T.W.Q.Aca.D-Tyr_Et.Tyr_ab-dehydroMe.dV.E.N.Thr_PO3H2.Phe_4Me}$$$$,2.25061208046269
PEPTIDE1{meI.hHis.Aca.Q.T.W.Q.Aca.D-Tyr_Et.Tyr_ab-dehydroMe.dV.E.N.dV.Phe_4Me}$$$$,4.2426827257450315
PEPTIDE1{meI.hHis.Hcy.Q.T.W.Q.Phe_4NH2.D-Tyr_Et.Tyr_ab-dehydroMe.dV.E.N.N.meK}$$$$,2.9379590568765788