molecule,scaffold
O=C(c1cc(-c2cc3c(cc2C(=O)N2Cc4ccccc4C[C@H]2CN2CCOCC2)OCO3)n2c1CCCC2)N(c1ccc(O)cc1)c1ccc(Cl)cc1,"
  MJ200900                      

 10 11  0  0  0  0  0  0  0  0999 V2000
   -5.1339   -0.3803    0.0000 C   0  0  0  0  0  0  0  0  0  0  0  0
   -5.8483   -0.7928    0.0000 C   0  0  0  0  0  0  0  0  0  0  0  0
   -5.8483   -1.6179    0.0000 C   0  0  0  0  0  0  0  0  0  0  0  0
   -5.1339   -2.0304    0.0000 C   0  0  0  0  0  0  0  0  0  0  0  0
   -4.4194   -1.6179    0.0000 C   0  0  0  0  0  0  0  0  0  0  0  0
   -4.4194   -0.7928    0.0000 C   0  0  0  0  0  0  0  0  0  0  0  0
   -3.7049   -2.0304    0.0000 C   0  0  0  0  0  0  0  0  0  0  0  0
   -2.9905   -1.6178    0.0000 C   0  0  0  0  0  0  0  0  0  0  0  0
   -2.9904   -0.7928    0.0000 N   0  0  0  0  0  0  0  0  0  0  0  0
   -3.7050   -0.3803    0.0000 C   0  0  0  0  0  0  0  0  0  0  0  0
  1  2  2  0  0  0  0
  2  3  1  0  0  0  0
  3  4  2  0  0  0  0
  4  5  1  0  0  0  0
  5  6  2  0  0  0  0
  6  1  1  0  0  0  0
  7  8  1  0  0  0  0
  5  7  1  0  0  0  0
  6 10  1  0  0  0  0
  8  9  1  0  0  0  0
  9 10  1  0  0  0  0
M  END
"
CCS(=O)(=O)c1ccc(OC2CCSCC2)c(-c2cn(C)c(=O)c3[nH]ccc23)c1,"
  Mrv1918 11032013102D          

  8  8  0  0  0  0            999 V2000
   -2.5223    0.0884    0.0000 C   0  0  0  0  0  0  0  0  0  0  0  0
   -3.2367   -0.3240    0.0000 C   0  0  0  0  0  0  0  0  0  0  0  0
   -3.2367   -1.1491    0.0000 C   0  0  0  0  0  0  0  0  0  0  0  0
   -2.5223   -1.5616    0.0000 C   0  0  0  0  0  0  0  0  0  0  0  0
   -1.8078   -1.1491    0.0000 C   0  0  0  0  0  0  0  0  0  0  0  0
   -1.8078   -0.3240    0.0000 N   0  0  0  0  0  0  0  0  0  0  0  0
   -2.5223    0.9134    0.0000 O   0  0  0  0  0  0  0  0  0  0  0  0
   -1.0934    0.0884    0.0000 C   0  0  0  0  0  0  0  0  0  0  0  0
  1  2  1  0  0  0  0
  2  3  2  0  0  0  0
  3  4  1  0  0  0  0
  4  5  2  0  0  0  0
  1  7  2  0  0  0  0
  5  6  1  0  0  0  0
  6  1  1  0  0  0  0
  6  8  1  0  0  0  0
M  END
"
CCN1CC(C)(C)Oc2nc(N3CC4CCC(C3)O4)nc(-c3ccc(NC(=O)Nc4cc(OC)ccn4)cc3)c2C1=O,"
  MJ200900                      

  6  5  0  0  0  0  0  0  0  0999 V2000
   -3.6828    1.5285    0.0000 C   0  0  0  0  0  0  0  0  0  0  0  0
   -4.3973    1.1160    0.0000 N   0  0  0  0  0  0  0  0  0  0  0  0
   -5.1117    1.5285    0.0000 C   0  0  0  0  0  0  0  0  0  0  0  0
   -3.6828    2.3535    0.0000 O   0  0  0  0  0  0  0  0  0  0  0  0
   -2.9683    1.1160    0.0000 N   0  0  0  0  0  0  0  0  0  0  0  0
   -2.2339    1.4893    0.0000 C   0  0  0  0  0  0  0  0  0  0  0  0
  2  1  1  0  0  0  0
  2  3  1  0  0  0  0
  1  4  2  0  0  0  0
  1  5  1  0  0  0  0
  5  6  1  0  0  0  0
M  END
"
Cc1ccc(OC(=O)NC2CCCCC2)cc1-c1cccc(C(N)=O)c1,"
  MJ200900                      

  5  4  0  0  0  0  0  0  0  0999 V2000
   -1.1158    2.1758    0.0000 O   0  0  0  0  0  0  0  0  0  0  0  0
   -1.8303    1.7633    0.0000 C   0  0  0  0  0  0  0  0  0  0  0  0
   -2.5448    2.1758    0.0000 N   0  0  0  0  0  0  0  0  0  0  0  0
   -1.8303    0.9383    0.0000 O   0  0  0  0  0  0  0  0  0  0  0  0
   -1.1158    3.0008    0.0000 C   0  0  0  0  0  0  0  0  0  0  0  0
  2  4  2  0  0  0  0
  2  1  1  0  0  0  0
  1  5  1  0  0  0  0
  2  3  1  0  0  0  0
M  END
"